rank,author,outlier_score,likes,comments,total_engagement,hook_type,topic,angle,structure,first_line,hook_150,full_text,url
1,Marie Forleo,2.8,140,27,174,Contrarian,Leadership,Challenging Convention,Hook -> Punch Line,"That dream, that goal, that vision you canâ€™t stop thinking about? Itâ€™s POSSIBLE.ğŸ™ŒğŸ»âœ¨","That dream, that goal, that vision you canâ€™t stop thinking about? Itâ€™s POSSIBLE.ğŸ™ŒğŸ»âœ¨  Not because itâ€™s easy or guaranteed, but because the power to mak","That dream, that goal, that vision you canâ€™t stop thinking about? Itâ€™s POSSIBLE.ğŸ™ŒğŸ»âœ¨

Not because itâ€™s easy or guaranteed, but because the power to make it real is already inside you. â The key is to trust yourself, take action, and never give up on what sets your soul on fire. ğŸ”¥",https://www.linkedin.com/posts/marieforleo_that-dream-that-goal-that-vision-you-can-activity-7419017711940202497-k_Sv?utm_source=combined_share_message&utm_medium=member_desktop&rcm=ACoAAEIEbisBTza1aT3oxdkctj-FhlZBo-FO460
2,Marie Forleo,2.4,110,25,153,Teacher,Leadership,Thought Leadership,Hook -> Punch Line,Information doesnâ€™t transform us action does. One tiny step taken today beats a hundred brilliant ideas you never start.,Information doesnâ€™t transform us action does. One tiny step taken today beats a hundred brilliant ideas you never start.  If thereâ€™s something youâ€™ve ,"Information doesnâ€™t transform us action does. One tiny step taken today beats a hundred brilliant ideas you never start.

If thereâ€™s something youâ€™ve been putting offâ€¦ make your move. âœ¨",https://www.linkedin.com/posts/marieforleo_information-doesnt-transform-us-action-does-activity-7414667165221756928-60NI?utm_source=combined_share_message&utm_medium=member_desktop&rcm=ACoAAEsEBD8BVWmRbVDNLKFQvHyFxVThsLLzQNw
3,Marie Forleo,1.9,99,16,121,Teacher,Leadership,Direct Advice,Hook -> Punch Line,"The things that light you up arenâ€™t random... theyâ€™re reminders. ğŸ™ŒğŸ» When you let yourself explore what feels good for your soul, your creativity expands in ways you never expect. ğŸ’›ğŸ”¥","The things that light you up arenâ€™t random... theyâ€™re reminders. ğŸ™ŒğŸ» When you let yourself explore what feels good for your soul, your creativity expan","The things that light you up arenâ€™t random... theyâ€™re reminders. ğŸ™ŒğŸ» When you let yourself explore what feels good for your soul, your creativity expands in ways you never expect. ğŸ’›ğŸ”¥",https://www.linkedin.com/posts/marieforleo_the-things-that-light-you-up-arent-random-activity-7417203885846642689-oy8c?utm_source=combined_share_message&utm_medium=member_desktop&rcm=ACoAAEIEbisBTza1aT3oxdkctj-FhlZBo-FO460
4,Marie Forleo,1.9,100,12,119,Teacher,Leadership,Direct Advice,Hook -> Punch Line,That dream in your heart isnâ€™t random. You already have what it takes to make it real. ğŸ™ŒğŸ»âœ¨,That dream in your heart isnâ€™t random. You already have what it takes to make it real. ğŸ™ŒğŸ»âœ¨  Send this to a friend who needs to hear it most ğŸ‘¯â€â™€ï¸,"That dream in your heart isnâ€™t random. You already have what it takes to make it real. ğŸ™ŒğŸ»âœ¨

Send this to a friend who needs to hear it most ğŸ‘¯â€â™€ï¸",https://www.linkedin.com/posts/marieforleo_that-dream-in-your-heart-isnt-random-you-activity-7405260178218151936-ncq7?utm_source=combined_share_message&utm_medium=member_desktop&rcm=ACoAAC4jc3UBNDwi0iakJa7TE73D10HE7YvXxCo
5,Marie Forleo,1.8,86,23,116,Teacher,Motherhood / Family,Thought Leadership,Hook -> Punch Line,Every moment is a fresh chance to begin again. If youâ€™ve been waiting for a signâ€¦ this is it. ğŸ’›,Every moment is a fresh chance to begin again. If youâ€™ve been waiting for a signâ€¦ this is it. ğŸ’›,Every moment is a fresh chance to begin again. If youâ€™ve been waiting for a signâ€¦ this is it. ğŸ’›,https://www.linkedin.com/posts/marieforleo_every-moment-is-a-fresh-chance-to-begin-again-activity-7415029544891457536-G_wp?utm_source=combined_share_message&utm_medium=member_desktop&rcm=ACoAAEsEBD8BVWmRbVDNLKFQvHyFxVThsLLzQNw
6,Marie Forleo,1.8,86,29,115,Teacher,Motherhood / Family,Direct Advice,Observation -> Question,Doing everything *right* but you still canâ€™t focus? Hereâ€™s whyğŸ‘‡ğŸ»,"Doing everything *right* but you still canâ€™t focus? Hereâ€™s whyğŸ‘‡ğŸ» Because focus is a byproduct of alignment, not effort. ğŸ˜³ğŸ˜…  When youâ€™re stretched too ","Doing everything *right* but you still canâ€™t focus? Hereâ€™s whyğŸ‘‡ğŸ»
Because focus is a byproduct of alignment, not effort. ğŸ˜³ğŸ˜…

When youâ€™re stretched too thin or saying yes out of guilt, your attention has nowhere to land.

But once you reconnect with what actually matters in this season of your life? Your focus sharpens. Your energy expands. And the noise falls away. ğŸ™ŒğŸ»âœ¨

Your attention is precious. Treat it that way. ğŸ’—",https://www.linkedin.com/posts/marieforleo_doing-everything-right-but-you-still-can-activity-7401734564752064512-V3Nz?utm_source=combined_share_message&utm_medium=member_desktop&rcm=ACoAAFjBloEBCoRBULr0MiXfwMUhIt-tIPpF5F8
7,Marie Forleo,1.8,94,13,112,Teacher,Leadership,Thought Leadership,Hook -> Punch Line,This one hits like a truth hug ğŸ¤— and a wake-up call ğŸš¨ rolled into one.,"This one hits like a truth hug ğŸ¤— and a wake-up call ğŸš¨ rolled into one.  Life is too precious to spend it perfecting, pleasing, or postponing your joy.","This one hits like a truth hug ğŸ¤— and a wake-up call ğŸš¨ rolled into one.

Life is too precious to spend it perfecting, pleasing, or postponing your joy.âœ¨

Your creative, delicious, messy, magical life is calling. Not somedayâ€¦ NOW.ğŸ‘ğŸ»",https://www.linkedin.com/posts/marieforleo_this-one-hits-like-a-truth-hug-and-a-wake-up-activity-7409971270701805568-1HYA?utm_source=combined_share_message&utm_medium=member_desktop&rcm=ACoAACrk6mABRsYhz0r8LYjdDsgcuChdy2JFZfY
8,Marie Forleo,1.7,92,15,109,Teacher,Leadership,Direct Advice,Hook -> Punch Line,Belief isnâ€™t fluff. Itâ€™s fuel.ğŸ‰,"Belief isnâ€™t fluff. Itâ€™s fuel.ğŸ‰  And when you believe EVERYTHING is Figureoutable, you activate a level of strength, creativity, and courage that can ","Belief isnâ€™t fluff. Itâ€™s fuel.ğŸ‰

And when you believe EVERYTHING is Figureoutable, you activate a level of strength, creativity, and courage that can move mountains.

Start where you are. Use what you have. Trust whatâ€™s inside you. ğŸ’›",https://www.linkedin.com/posts/marieforleo_belief-isnt-fluff-its-fuel-and-when-activity-7407072250564153344-HXei?utm_source=combined_share_message&utm_medium=member_desktop&rcm=ACoAAC4jc3UBNDwi0iakJa7TE73D10HE7YvXxCo
9,Marie Forleo,1.7,88,12,108,Teacher,Leadership,Direct Advice,Observation -> Question,Want more joy? Start saying yes to what you wantâ€¦ and no to what you really donâ€™t. Total game changer. ğŸ˜‰,Want more joy? Start saying yes to what you wantâ€¦ and no to what you really donâ€™t. Total game changer. ğŸ˜‰,Want more joy? Start saying yes to what you wantâ€¦ and no to what you really donâ€™t. Total game changer. ğŸ˜‰,https://www.linkedin.com/posts/marieforleo_want-more-joy-start-saying-yes-to-what-you-activity-7404263605996797952-nOdK?utm_source=combined_share_message&utm_medium=member_desktop&rcm=ACoAAC4jc3UBNDwi0iakJa7TE73D10HE7YvXxCo
10,Marie Forleo,1.7,83,23,107,Teacher,Personal Development,Direct Advice,Hook -> Insight -> Close,ğŸ‘‰ YOU are your most important asset in life.,"ğŸ‘‰ YOU are your most important asset in life.  When you prioritize your emotional, spiritual, and physical well-being, everything in your life gets str","ğŸ‘‰ YOU are your most important asset in life. 
When you prioritize your emotional, spiritual, and physical well-being, everything in your life gets stronger â€” your energy, your focus, your creativity, your capacity to give. ğŸ’—

Even 15â€“20 intentional minutes in the morning can reset your mindset, fuel your purpose, and reconnect you to what actually matters. A simple, healthy ritual is one of the most powerful ways to feel better, think clearer, and stay aligned with your dreams.

As we head into a new year, imagine how your life could expand if you made yourself non-negotiable. âœ¨",https://www.linkedin.com/posts/marieforleo_you-are-your-most-important-asset-in-life-activity-7412870442383966208-HfsS?utm_source=combined_share_message&utm_medium=member_desktop&rcm=ACoAAEsEBD8BVWmRbVDNLKFQvHyFxVThsLLzQNw
11,Marie Forleo,1.6,81,19,104,Teacher,Leadership,Thought Leadership,Hook -> Punch Line,Never forget: rejection comes with the territory when youâ€™re creative.,Never forget: rejection comes with the territory when youâ€™re creative. Every â€œnoâ€ is still moving you closer to your breakthrough. So you gotta eat re,"Never forget: rejection comes with the territory when youâ€™re creative.
Every â€œnoâ€ is still moving you closer to your breakthrough. So you gotta eat rejection for breakfast ğŸ¥ğŸ¥‘ğŸğŸ³

Say to yourself: â€œEven though this is hard, Iâ€™m still going for it. Iâ€™m gonna keep showing up. Iâ€™m gonna keep believing in my dream.â€

You will break through. ğŸ’—",https://www.linkedin.com/posts/marieforleo_never-forget-rejection-comes-with-the-territory-activity-7428091598896451585-CwpJ?utm_source=combined_share_message&utm_medium=member_desktop&rcm=ACoAADWuLVEBI99rxrHle4hYELPY12Zi8VCwl_0
12,Marie Forleo,1.6,77,18,100,Teacher,Motherhood / Family,Direct Advice,Observation -> Question,"If youâ€™ve ever thought, â€œIâ€™m too oldâ€ or â€œItâ€™s too late for meâ€... I need you to hear this:","If youâ€™ve ever thought, â€œIâ€™m too oldâ€ or â€œItâ€™s too late for meâ€... I need you to hear this: Youâ€™re going to be that age anyway.ğŸ˜…  The only question is","If youâ€™ve ever thought, â€œIâ€™m too oldâ€ or â€œItâ€™s too late for meâ€... I need you to hear this:
Youâ€™re going to be that age anyway.ğŸ˜…

The only question is this: Will you keep moving toward what lights you upâ€¦or stay stuck waiting for some *perfect* moment?

No more waiting. No more overthinking. Because the world really does need the gift that only YOU have. ğŸ’›âœ¨",https://www.linkedin.com/posts/marieforleo_if-youve-ever-thought-im-too-old-or-activity-7422369532947611648-aav0?utm_source=combined_share_message&utm_medium=member_desktop&rcm=ACoAAD5xb0cBcXcywU3CieSEYi_FFKJPpkOt-DU
13,Marie Forleo,1.5,78,15,95,Teacher,Motherhood / Family,Direct Advice,Hook -> Punch Line,Not everything is meant to stay in your life forever. ğŸ˜…,"Not everything is meant to stay in your life forever. ğŸ˜…  And honestlyâ€¦ the moment you let go of what weighs you down, your confidence, clarity, and jo","Not everything is meant to stay in your life forever. ğŸ˜…

And honestlyâ€¦ the moment you let go of what weighs you down, your confidence, clarity, and joy expand like crazy.

So, if it doesnâ€™t support your growth, build you up, or help you shine, itâ€™s safe to release it. ğŸ’• Your future needs space to land. And your purpose needs room to unfold. 

Choose what nourishes your soul. Let the rest go.ğŸ™ŒğŸ»âœ¨",https://www.linkedin.com/posts/marieforleo_not-everything-is-meant-to-stay-in-your-life-activity-7406332396385644544-5iVn?utm_source=combined_share_message&utm_medium=member_desktop&rcm=ACoAAC4jc3UBNDwi0iakJa7TE73D10HE7YvXxCo
14,Marie Forleo,1.5,64,24,95,Teacher,Leadership,Thought Leadership,Hook -> Punch Line,"If youâ€™re waiting to feel 100% ready, confident, or certainâ€¦","If youâ€™re waiting to feel 100% ready, confident, or certainâ€¦ Youâ€™ll be waiting a long time. ğŸ˜…  Real progress comes from taking risks *before* you feel","If youâ€™re waiting to feel 100% ready, confident, or certainâ€¦
Youâ€™ll be waiting a long time. ğŸ˜…

Real progress comes from taking risks *before* you feel ready and learning as you go.

Youâ€™re capable of more than you think. ğŸ¤",https://www.linkedin.com/posts/marieforleo_if-youre-waiting-to-feel-100-ready-confident-activity-7421190140745732096-lUkF?utm_source=combined_share_message&utm_medium=member_desktop&rcm=ACoAAD5xb0cBcXcywU3CieSEYi_FFKJPpkOt-DU
15,Marie Forleo,1.5,80,14,94,Teacher,Leadership,Thought Leadership,Hook -> Punch Line,Youâ€™re walking into your best chapter yet. ğŸ™ŒğŸ» Trust that whatâ€™s coming is bigger and better than what youâ€™re leaving behind. ğŸ’—,Youâ€™re walking into your best chapter yet. ğŸ™ŒğŸ» Trust that whatâ€™s coming is bigger and better than what youâ€™re leaving behind. ğŸ’—,Youâ€™re walking into your best chapter yet. ğŸ™ŒğŸ» Trust that whatâ€™s coming is bigger and better than what youâ€™re leaving behind. ğŸ’—,https://www.linkedin.com/posts/marieforleo_youre-walking-into-your-best-chapter-yet-activity-7404173626230710273-RrX2?utm_source=combined_share_message&utm_medium=member_desktop&rcm=ACoAAFjBloEBCoRBULr0MiXfwMUhIt-tIPpF5F8
16,Marie Forleo,1.5,73,19,93,Fortune Teller,Leadership,Future Prediction,Observation -> Question,Most of us know exactly what stresses us outâ€¦ we just donâ€™t want to admit it.ğŸ˜¬ğŸ˜…But being honest about whatâ€™s NOT working is often the fastest path to your dream life.ğŸ‰,Most of us know exactly what stresses us outâ€¦ we just donâ€™t want to admit it.ğŸ˜¬ğŸ˜…But being honest about whatâ€™s NOT working is often the fastest path to ,"Most of us know exactly what stresses us outâ€¦ we just donâ€™t want to admit it.ğŸ˜¬ğŸ˜…But being honest about whatâ€™s NOT working is often the fastest path to your dream life.ğŸ‰

So tell me, whatâ€™s one thing youâ€™re no longer willing to tolerate? ğŸ‘‡ğŸ»",https://www.linkedin.com/posts/marieforleo_most-of-us-know-exactly-what-stresses-us-activity-7414780559304003585-OzOs?utm_source=combined_share_message&utm_medium=member_desktop&rcm=ACoAAEsEBD8BVWmRbVDNLKFQvHyFxVThsLLzQNw
17,Marie Forleo,1.4,68,17,89,Teacher,Leadership,Direct Advice,Hook -> Punch Line,"In a world that constantly tells you to be more, do more, or become someone elseâ€¦Please remember this: The real you is already enough. ğŸ’›","In a world that constantly tells you to be more, do more, or become someone elseâ€¦Please remember this: The real you is already enough. ğŸ’›  Stay true. S","In a world that constantly tells you to be more, do more, or become someone elseâ€¦Please remember this: The real you is already enough. ğŸ’›

Stay true. Stay kind. Stay you.",https://www.linkedin.com/posts/marieforleo_in-a-world-that-constantly-tells-you-to-be-activity-7423018172426895360-zWyG?utm_source=combined_share_message&utm_medium=member_desktop&rcm=ACoAADN3fVEB0WfoQ4ScbbnifJnnp6T1Y60M4FY
18,Marie Forleo,1.4,68,15,87,Teacher,Leadership,Thought Leadership,Hook -> Punch Line,Every dream Iâ€™ve ever built started before I felt ready. Yours can too. ğŸ™ŒğŸ»âœ¨,Every dream Iâ€™ve ever built started before I felt ready. Yours can too. ğŸ™ŒğŸ»âœ¨,Every dream Iâ€™ve ever built started before I felt ready. Yours can too. ğŸ™ŒğŸ»âœ¨,https://www.linkedin.com/posts/marieforleo_every-dream-ive-ever-built-started-before-activity-7422292549379457024-oJrQ?utm_source=combined_share_message&utm_medium=member_desktop&rcm=ACoAAD5xb0cBcXcywU3CieSEYi_FFKJPpkOt-DU
19,Marie Forleo,1.4,73,10,86,Teacher,Leadership,Direct Advice,Hook -> Punch Line,"You donâ€™t need all the answers in advance. Whatever your heart desires, STEP OUT IN FAITH. Take action. ğŸ’–","You donâ€™t need all the answers in advance. Whatever your heart desires, STEP OUT IN FAITH. Take action. ğŸ’–","You donâ€™t need all the answers in advance. Whatever your heart desires, STEP OUT IN FAITH. Take action. ğŸ’–",https://www.linkedin.com/posts/marieforleo_you-dont-need-all-the-answers-in-advance-activity-7416954724630929409-zG6Q?utm_source=combined_share_message&utm_medium=member_desktop&rcm=ACoAAEIEbisBTza1aT3oxdkctj-FhlZBo-FO460
20,Marie Forleo,1.3,66,16,84,Teacher,Leadership,Direct Advice,Hook -> Punch Line,"If youâ€™re going to become all you were *created* to be, donâ€™t settle.","If youâ€™re going to become all you were *created* to be, donâ€™t settle.  Every dream worth having will challenge you, help you grow, and ask you to beli","If youâ€™re going to become all you were *created* to be, donâ€™t settle.

Every dream worth having will challenge you, help you grow, and ask you to believe before you see results. Thatâ€™s normal. 

I keep choosing the higher path even when itâ€™s uncomfortable. You can too. Your future is too important. Your purpose matters. Your gifts are needed in the world. ğŸ’—ğŸ’—ğŸ’—

Donâ€™t settle. Not now. Not ever. ğŸ”¥",https://www.linkedin.com/posts/marieforleo_if-youre-going-to-become-all-you-were-created-activity-7409231343211053056-3l00?utm_source=combined_share_message&utm_medium=member_desktop&rcm=ACoAACrk6mABRsYhz0r8LYjdDsgcuChdy2JFZfY
21,Marie Forleo,1.3,70,13,83,Teacher,Motherhood / Family,Thought Leadership,Hook -> Punch Line,"Life is short, my friend. Weâ€™re here for such a brief, beautiful moment. So, we might as well enjoy the ride while weâ€™re making our dreams real. âœ¨","Life is short, my friend. Weâ€™re here for such a brief, beautiful moment. So, we might as well enjoy the ride while weâ€™re making our dreams real. âœ¨","Life is short, my friend. Weâ€™re here for such a brief, beautiful moment. So, we might as well enjoy the ride while weâ€™re making our dreams real. âœ¨",https://www.linkedin.com/posts/marieforleo_life-is-short-my-friend-were-here-for-activity-7411405804538318848-0neH?utm_source=combined_share_message&utm_medium=member_desktop&rcm=ACoAACrk6mABRsYhz0r8LYjdDsgcuChdy2JFZfY
22,Marie Forleo,1.3,62,19,83,Teacher,Leadership,Direct Advice,Hook -> Punch Line,Starting isnâ€™t scary because you might fail. Itâ€™s scary because failure feels mysterious. ğŸ˜¬ğŸ«£,"Starting isnâ€™t scary because you might fail. Itâ€™s scary because failure feels mysterious. ğŸ˜¬ğŸ«£  Once you understand the landscape, the rules, the player","Starting isnâ€™t scary because you might fail. Itâ€™s scary because failure feels mysterious. ğŸ˜¬ğŸ«£

Once you understand the landscape, the rules, the players, the space youâ€™re stepping intoâ€¦the leap feels lighter.

Clarity builds courage. And courage grows faster when you stop treating failure like a personal verdict. ğŸ’—

ğŸ¥ @laney",https://www.linkedin.com/posts/marieforleo_starting-isnt-scary-because-you-might-fail-activity-7416495073338597376-RbE2?utm_source=combined_share_message&utm_medium=member_desktop&rcm=ACoAAEsEBD8BVWmRbVDNLKFQvHyFxVThsLLzQNw
23,Marie Forleo,1.3,65,15,83,Teacher,Personal Development,Direct Advice,Hook -> Punch Line,"ğŸ‘‰ğŸ» This week, stay conscious of the story youâ€™re telling yourself.","ğŸ‘‰ğŸ» This week, stay conscious of the story youâ€™re telling yourself.  The words you whisper to yourself shape EVERYTHING. Your confidence, your choices,","ğŸ‘‰ğŸ» This week, stay conscious of the story youâ€™re telling yourself.

The words you whisper to yourself shape EVERYTHING. Your confidence, your choices, your future.

If you donâ€™t love the story youâ€™ve been livingâ€¦ rewrite it. âœï¸Today is a beautiful day to begin again. ğŸ’›",https://www.linkedin.com/posts/marieforleo_this-week-stay-conscious-of-the-story-activity-7413942377653977088-OSka?utm_source=combined_share_message&utm_medium=member_desktop&rcm=ACoAAEsEBD8BVWmRbVDNLKFQvHyFxVThsLLzQNw
24,Marie Forleo,1.3,63,17,82,Teacher,Leadership,Thought Leadership,Hook -> Punch Line,"Youâ€™ve got gifts, talents, ideas â€” and a whole lot of magic â€” that no one else on this planet can bring to life. ğŸ’—âœ¨","Youâ€™ve got gifts, talents, ideas â€” and a whole lot of magic â€” that no one else on this planet can bring to life. ğŸ’—âœ¨","Youâ€™ve got gifts, talents, ideas â€” and a whole lot of magic â€” that no one else on this planet can bring to life. ğŸ’—âœ¨",https://www.linkedin.com/posts/marieforleo_youve-got-gifts-talents-ideas-and-a-activity-7401260556734795776-X1PR?utm_source=combined_share_message&utm_medium=member_desktop&rcm=ACoAAFjBloEBCoRBULr0MiXfwMUhIt-tIPpF5F8
25,Marie Forleo,1.3,61,17,80,Teacher,Leadership,Direct Advice,Observation -> Question,"If you want your goals to actually happen, write them down. Daily. ğŸ‘€","If you want your goals to actually happen, write them down. Daily. ğŸ‘€  Why? Because you're 42% more likely to hit them. Iâ€™ll take those odds every ğŸ‘ğŸ»da","If you want your goals to actually happen, write them down. Daily. ğŸ‘€

Why? Because you're 42% more likely to hit them. Iâ€™ll take those odds every ğŸ‘ğŸ»damn ğŸ‘ğŸ» time.ğŸ‘ğŸ»",https://www.linkedin.com/posts/marieforleo_if-you-want-your-goals-to-actually-happen-activity-7410333735704879105-FbPG?utm_source=combined_share_message&utm_medium=member_desktop&rcm=ACoAACrk6mABRsYhz0r8LYjdDsgcuChdy2JFZfY
26,Marie Forleo,1.2,61,18,79,Teacher,Personal Development,Direct Advice,Hook -> Punch Line,"The real magic? âœ¨ Itâ€™s in the daily reps. The small actions. The little promises you keep to yourself. ğŸ’• Thatâ€™s how confidence grows, clarity builds, and dreams become real. ğŸ™ŒğŸ» One step today, one step tomorrowâ€¦ it all compounds.","The real magic? âœ¨ Itâ€™s in the daily reps. The small actions. The little promises you keep to yourself. ğŸ’• Thatâ€™s how confidence grows, clarity builds, ","The real magic? âœ¨ Itâ€™s in the daily reps. The small actions. The little promises you keep to yourself. ğŸ’• Thatâ€™s how confidence grows, clarity builds, and dreams become real. ğŸ™ŒğŸ» One step today, one step tomorrowâ€¦ it all compounds.",https://www.linkedin.com/posts/marieforleo_the-real-magic-its-in-the-daily-reps-activity-7412145684465852416-2qK_?utm_source=combined_share_message&utm_medium=member_desktop&rcm=ACoAACrk6mABRsYhz0r8LYjdDsgcuChdy2JFZfY
27,Marie Forleo,1.2,58,18,78,Teacher,Motherhood / Family,Personal Lesson,Hook -> Insight -> Question,There was a time in my life when I didnâ€™t believe I could build something of my own.ğŸ˜¬,There was a time in my life when I didnâ€™t believe I could build something of my own.ğŸ˜¬   Not because I lacked ambition. But because somewhere along the,"There was a time in my life when I didnâ€™t believe I could build something of my own.ğŸ˜¬ 

Not because I lacked ambition. But because somewhere along the way, I absorbed this idea that security came from staying smallâ€¦ from playing it safe.

BUT heres what I've learned, your vision will never outrun your beliefs.

If you believe that your not ready...
or you donâ€™t have what it takes...
or that people like you donâ€™t build big things...
then your vision will shrink to match that energy.ğŸ˜”

Here's the good news, the moment you start questioning those scripts, everything expands.ğŸ™ŒğŸ»âœ¨ 

The life you want? 
The business you want? 
The impact you want? 
Itâ€™s not waiting on more time. Itâ€™s waiting on a new belief.ğŸ’–

Your future isnâ€™t determined by your past. Itâ€™s determined by what you choose to believe next. ğŸ¥³ğŸ¥³ğŸ¥³",https://www.linkedin.com/posts/marieforleo_there-was-a-time-in-my-life-when-i-didnt-activity-7431337246538092544-TLoE?utm_source=combined_share_message&utm_medium=member_desktop&rcm=ACoAADYTW2ABrkqUW6gvZEMoz2OzOvvdx6Gq6bg
28,Marie Forleo,1.2,57,15,76,Teacher,Leadership,Thought Leadership,Hook -> Punch Line,"Embrace your purpose and shine your light because we need your voice, your ideas, and your presence. ğŸ’« Happy Monday, beautiful people. ğŸ’—","Embrace your purpose and shine your light because we need your voice, your ideas, and your presence. ğŸ’« Happy Monday, beautiful people. ğŸ’—","Embrace your purpose and shine your light because we need your voice, your ideas, and your presence. ğŸ’« Happy Monday, beautiful people. ğŸ’—",https://www.linkedin.com/posts/marieforleo_embrace-your-purpose-and-shine-your-light-activity-7429162913266855936-Jf5O?utm_source=combined_share_message&utm_medium=member_desktop&rcm=ACoAADWuLVEBI99rxrHle4hYELPY12Zi8VCwl_0
29,Marie Forleo,1.2,64,10,75,Teacher,Finance / Money,Thought Leadership,Hook -> Punch Line,I was deep in debt when I made the dumbest financial move everâ€¦ I bet on myself. ğŸ˜… Best decision I ever made.,"I was deep in debt when I made the dumbest financial move everâ€¦ I bet on myself. ğŸ˜… Best decision I ever made.   If youâ€™re waiting for the â€œright time,","I was deep in debt when I made the dumbest financial move everâ€¦ I bet on myself. ğŸ˜… Best decision I ever made. 

If youâ€™re waiting for the â€œright time,â€ this is your sign. ğŸ™ŒğŸ»ğŸ’–",https://www.linkedin.com/posts/marieforleo_i-was-deep-in-debt-when-i-made-the-dumbest-activity-7401623096488869888-HRoL?utm_source=combined_share_message&utm_medium=member_desktop&rcm=ACoAAFjBloEBCoRBULr0MiXfwMUhIt-tIPpF5F8
30,Marie Forleo,1.2,59,14,75,Teacher,Philanthropy / Cause,Thought Leadership,Observation -> Question,"Yes, your drive matters. But your community? Thatâ€™s EVERYTHING. Ambitious, creative people need others who get it, who challenge us, teach us, and lift us up when things get tough. ğŸ’—ğŸ™ŒğŸ»","Yes, your drive matters. But your community? Thatâ€™s EVERYTHING. Ambitious, creative people need others who get it, who challenge us, teach us, and lif","Yes, your drive matters. But your community? Thatâ€™s EVERYTHING. Ambitious, creative people need others who get it, who challenge us, teach us, and lift us up when things get tough. ğŸ’—ğŸ™ŒğŸ»

Who's that person for you? Tag them in the comments. ğŸ¥°",https://www.linkedin.com/posts/marieforleo_yes-your-drive-matters-but-your-community-activity-7404897932812185600-Z0v7?utm_source=combined_share_message&utm_medium=member_desktop&rcm=ACoAAC4jc3UBNDwi0iakJa7TE73D10HE7YvXxCo
31,Marie Forleo,1.2,59,14,74,Teacher,Leadership,Direct Advice,Hook -> Punch Line,"You canâ€™t control everything around you, but you can shape what happens within you. When you remember that your happiness starts inside, life gets a whole lot lighter. ğŸ’œ","You canâ€™t control everything around you, but you can shape what happens within you. When you remember that your happiness starts inside, life gets a w","You canâ€™t control everything around you, but you can shape what happens within you. When you remember that your happiness starts inside, life gets a whole lot lighter. ğŸ’œ

Hereâ€™s to a grounded, joy-filled week. ğŸ¥‚",https://www.linkedin.com/posts/marieforleo_you-cant-control-everything-around-you-activity-7407170256420581377-8i8V?utm_source=combined_share_message&utm_medium=member_desktop&rcm=ACoAAC4jc3UBNDwi0iakJa7TE73D10HE7YvXxCo
32,Marie Forleo,1.2,58,13,73,Teacher,Leadership,Thought Leadership,Observation -> Question,Struggling with time management and constant overwhelm? This will change everything. ğŸ™ŒğŸ»âœ¨,Struggling with time management and constant overwhelm? This will change everything. ğŸ™ŒğŸ»âœ¨,Struggling with time management and constant overwhelm? This will change everything. ğŸ™ŒğŸ»âœ¨,https://www.linkedin.com/posts/marieforleo_struggling-with-time-management-and-constant-activity-7402361220399554560-7quM?utm_source=combined_share_message&utm_medium=member_desktop&rcm=ACoAAFjBloEBCoRBULr0MiXfwMUhIt-tIPpF5F8
33,Marie Forleo,1.1,58,7,72,Teacher,Leadership,Direct Advice,Hook -> Punch Line,"Thereâ€™s nothing stronger than living your truth. No performing. No pretending. Just you â€” real, whole, enough.ğŸ™ŒğŸ»ğŸ’—","Thereâ€™s nothing stronger than living your truth. No performing. No pretending. Just you â€” real, whole, enough.ğŸ™ŒğŸ»ğŸ’—","Thereâ€™s nothing stronger than living your truth. No performing. No pretending. Just you â€” real, whole, enough.ğŸ™ŒğŸ»ğŸ’—",https://www.linkedin.com/posts/marieforleo_theres-nothing-stronger-than-living-your-activity-7400187228804698112-fBVF?utm_source=combined_share_message&utm_medium=member_desktop&rcm=ACoAAFjBloEBCoRBULr0MiXfwMUhIt-tIPpF5F8
34,Marie Forleo,1.1,57,12,70,Teacher,Leadership,Thought Leadership,Hook -> Punch Line,"Trust isnâ€™t about everything going perfectly as planned. Itâ€™s about knowing, deep down, that it will all work out (even if it looks different than you expected), everything gets easier.ğŸ’–","Trust isnâ€™t about everything going perfectly as planned. Itâ€™s about knowing, deep down, that it will all work out (even if it looks different than you","Trust isnâ€™t about everything going perfectly as planned. Itâ€™s about knowing, deep down, that it will all work out (even if it looks different than you expected), everything gets easier.ğŸ’–",https://www.linkedin.com/posts/marieforleo_trust-isnt-about-everything-going-perfectly-activity-7403795680663891968-APZi?utm_source=combined_share_message&utm_medium=member_desktop&rcm=ACoAAFjBloEBCoRBULr0MiXfwMUhIt-tIPpF5F8
35,Marie Forleo,1.1,51,17,70,Teacher,Leadership,Thought Leadership,Hook -> Punch Line,Reminder: Every pro starts off as an amateur.,"Reminder: Every pro starts off as an amateur.   Mistakes, pivots, and changing your mind are part of building a business. Anyone honest about success ","Reminder: Every pro starts off as an amateur. 

Mistakes, pivots, and changing your mind are part of building a business. Anyone honest about success will tell you that. ğŸ’–",https://www.linkedin.com/posts/marieforleo_reminder-every-pro-starts-off-as-an-amateur-activity-7424466874920329216-y4aF?utm_source=combined_share_message&utm_medium=member_desktop&rcm=ACoAADN3fVEB0WfoQ4ScbbnifJnnp6T1Y60M4FY
36,Marie Forleo,1.1,53,13,70,Teacher,Personal Development,Thought Leadership,Hook -> Punch Line,"THIS is the mindset shift that fuels real personal growth, creativity, and success.ğŸ™ŒğŸ»","THIS is the mindset shift that fuels real personal growth, creativity, and success.ğŸ™ŒğŸ»  If this sparked something in you, pass it on. ğŸ’—","THIS is the mindset shift that fuels real personal growth, creativity, and success.ğŸ™ŒğŸ»

If this sparked something in you, pass it on. ğŸ’—",https://www.linkedin.com/posts/marieforleo_this-is-the-mindset-shift-that-fuels-real-activity-7430363467636903936-lvFl?utm_source=combined_share_message&utm_medium=member_desktop&rcm=ACoAADYTW2ABrkqUW6gvZEMoz2OzOvvdx6Gq6bg
37,Marie Forleo,1.1,51,15,70,Teacher,Motherhood / Family,Direct Advice,Hook -> Punch Line,The only enemy you need to defeat is not getting started.,The only enemy you need to defeat is not getting started.  Action is the antidote to fear. It creates progress and momentum. And consistent action is ,"The only enemy you need to defeat is not getting started.

Action is the antidote to fear. It creates progress and momentum. And consistent action is how anything gets built.

You donâ€™t need to feel ready.
You donâ€™t need to have it all figured out.
You just need to start.ğŸ’—",https://www.linkedin.com/posts/marieforleo_the-only-enemy-you-need-to-defeat-is-not-activity-7420216339555975168-USvt?utm_source=combined_share_message&utm_medium=member_desktop&rcm=ACoAAD5xb0cBcXcywU3CieSEYi_FFKJPpkOt-DU
38,Marie Forleo,1.1,49,19,69,Contrarian,Leadership,Challenging Convention,Hook -> Insight -> Close,Hereâ€™s the point ğŸ‘‡,Hereâ€™s the point ğŸ‘‡ Donâ€™t let anyoneâ€™s *bullshit opinions* about what you canâ€™t do especially your own stop you from following your dreams. ğŸ˜ğŸ’¥  When I ,"Hereâ€™s the point ğŸ‘‡
Donâ€™t let anyoneâ€™s *bullshit opinions* about what you canâ€™t do especially your own stop you from following your dreams. ğŸ˜ğŸ’¥

When I was 23, I decided I wanted to be a life coach. And yesâ€¦ this was way before that was a thing.

Back then, â€œlife coachâ€ sounded about as legit as dream farmer or potato doctor. ğŸ¥”ğŸ˜‚

Who would hire a 23-year-old life coach?
Honestlyâ€¦ even I was rolling my eyes at myself.

But I trusted the pull. I kept going anyway. And that decision changed everything.

So, if your dream feels ridiculous right now...
GOOD. That might be a sign youâ€™re onto something. ğŸ˜‰âœ¨",https://www.linkedin.com/posts/marieforleo_heres-the-point-dont-let-anyones-bullshit-activity-7427094167597740032-bUTs?utm_source=combined_share_message&utm_medium=member_desktop&rcm=ACoAADWuLVEBI99rxrHle4hYELPY12Zi8VCwl_0
39,Marie Forleo,1.1,58,10,69,Teacher,Motherhood / Family,Thought Leadership,Hook -> Insight -> CTA,Life has a funny way of circling back to what our soul wanted from the start.,Life has a funny way of circling back to what our soul wanted from the start.  Not the hustle. Not the pressure. Not the timelines or the shoulds. ğŸ˜… B,"Life has a funny way of circling back to what our soul wanted from the start.

Not the hustle. Not the pressure. Not the timelines or the shoulds. ğŸ˜… But the real *truth* underneath it all... creativity, love, connection, purpose, peace. ğŸ’•

If youâ€™re in a season of change, trust that your *real* self never disappears. It waits. Patiently. Quietly. And when you finally meet it again? Pure magic. âœ¨

If this hits let me know below. And know that youâ€™re not alone. Weâ€™re all just figuring out how to return to what really matters. ğŸ’›",https://www.linkedin.com/posts/marieforleo_life-has-a-funny-way-of-circling-back-to-activity-7407781917871374336-Eyth?utm_source=combined_share_message&utm_medium=member_desktop&rcm=ACoAACrk6mABRsYhz0r8LYjdDsgcuChdy2JFZfY
40,Marie Forleo,1.1,53,14,67,Teacher,Leadership,Thought Leadership,Observation -> Question,"Why not you? ğŸ«£ Youâ€™ve got the brains, the courage, and the ability to change your life and make your dreams real. ğŸ’•âœ¨","Why not you? ğŸ«£ Youâ€™ve got the brains, the courage, and the ability to change your life and make your dreams real. ğŸ’•âœ¨  What's one step you can take tod","Why not you? ğŸ«£ Youâ€™ve got the brains, the courage, and the ability to change your life and make your dreams real. ğŸ’•âœ¨

What's one step you can take today? Claim it in the comments.ğŸ‘‡ğŸ»",https://www.linkedin.com/posts/marieforleo_why-not-you-youve-got-the-brains-the-activity-7404535540890669056-9sq5?utm_source=combined_share_message&utm_medium=member_desktop&rcm=ACoAAC4jc3UBNDwi0iakJa7TE73D10HE7YvXxCo
41,Marie Forleo,1.1,51,14,67,Teacher,Leadership,Direct Advice,Observation -> Question,Clarity comes from engagement not thought.,Clarity comes from engagement not thought.   You donâ€™t need to know every step. You just need to know the next right move.  So anytime you feel overwh,"Clarity comes from engagement not thought. 

You donâ€™t need to know every step. You just need to know the next right move.

So anytime you feel overwhelmed by how far you have to go ğŸ˜µâ€ğŸ’« remember to pause, ğŸ™ˆ breathe, ğŸ™ŒğŸ» and ask yourself this questionğŸ‘‡ğŸ»
Whatâ€™s the next right action step here?

Then listen. The answer is always closer than you think. ğŸ’›âœ¨",https://www.linkedin.com/posts/marieforleo_clarity-comes-from-engagement-not-thought-activity-7427713265104916480-mFZ8?utm_source=combined_share_message&utm_medium=member_desktop&rcm=ACoAADWuLVEBI99rxrHle4hYELPY12Zi8VCwl_0
42,Marie Forleo,1.0,51,13,64,Teacher,Business Strategy,Direct Advice,Hook -> Insight -> Close,"That idea that wonâ€™t leave you alone? Yeah, itâ€™s not random.","That idea that wonâ€™t leave you alone? Yeah, itâ€™s not random.   Itâ€™s not some fleeting thought or a silly little dream. Itâ€™s your soul nudging youâ€”tell","That idea that wonâ€™t leave you alone? Yeah, itâ€™s not random. 

Itâ€™s not some fleeting thought or a silly little dream. Itâ€™s your soul nudging youâ€”telling you, â€œHey, this matters. Pay attention.â€

Too often, we ignore those whispers. We second-guess ourselves, overthink, or wait for ""the right time."" ğŸ˜¬ğŸ¤¯ 

But what if the fact that this dream keeps showing up means you're already equipped to make it happen?

The truth is, if the dream is in you, itâ€™s for you. So stop waiting for permission. Start before you feel ready. ğŸ‰ğŸ™Œ

ğŸ‘‰ Click the link below if you're done ignoring your dreams! Iâ€™ll send you the link to my training series where youâ€™ll get the exact blueprint you need for more sales, profit, and freedom in 2026.ğŸ’°âœ¨ 

JOIN NOW: https://lnkd.in/gWyZyT2c",https://www.linkedin.com/posts/marieforleo_that-idea-that-wont-leave-you-alone-yeah-activity-7427003584996823040-LnT0?utm_source=combined_share_message&utm_medium=member_desktop&rcm=ACoAAFUQ1rMBnKlItCJqYGL9C_CMNFJq6uTG0hc
43,Marie Forleo,1.0,52,9,64,Teacher,Leadership,Direct Advice,Hook -> Punch Line,"Growth takes time. ğŸ’• If youâ€™re growing slower than you hoped, youâ€™re still growing. Be patient with yourself as you bloom and trust that your progress is working, even when you canâ€™t see it yet. ğŸŒ¸âœ¨","Growth takes time. ğŸ’• If youâ€™re growing slower than you hoped, youâ€™re still growing. Be patient with yourself as you bloom and trust that your progress","Growth takes time. ğŸ’• If youâ€™re growing slower than you hoped, youâ€™re still growing. Be patient with yourself as you bloom and trust that your progress is working, even when you canâ€™t see it yet. ğŸŒ¸âœ¨",https://www.linkedin.com/posts/marieforleo_growth-takes-time-if-youre-growing-slower-activity-7405985435619115008-qPmV?utm_source=combined_share_message&utm_medium=member_desktop&rcm=ACoAAC4jc3UBNDwi0iakJa7TE73D10HE7YvXxCo
44,Marie Forleo,1.0,47,14,63,Teacher,Leadership,Thought Leadership,Hook -> Punch Line,Your heart knows things that your mind can't always comprehend.,"Your heart knows things that your mind can't always comprehend.  If you're feeling stuck or between things right now, just rememberâ€” you have SO much ","Your heart knows things that your mind can't always comprehend.

If you're feeling stuck or between things right now, just rememberâ€” you have SO much wisdom within you. Keep listening to your inner voice. Itâ€™s there to guide you to your most expressive, joyful, and fulfilling life. ğŸ’— 

Share this with a friend that needs to see it today.ğŸ‘¯â€â™€ï¸",https://www.linkedin.com/posts/marieforleo_your-heart-knows-things-that-your-mind-cant-activity-7429223458355658752-jRoy?utm_source=combined_share_message&utm_medium=member_desktop&rcm=ACoAADWuLVEBI99rxrHle4hYELPY12Zi8VCwl_0
45,Marie Forleo,1.0,52,6,62,Teacher,Leadership,Direct Advice,Observation -> Question,What would your life look like if it was exactly how you wanted it today?,What would your life look like if it was exactly how you wanted it today?  Ask yourself. Then follow the clues. âœ¨,"What would your life look like if it was exactly how you wanted it today?

Ask yourself. Then follow the clues. âœ¨",https://www.linkedin.com/posts/marieforleo_what-would-your-life-look-like-if-it-was-activity-7402724085572755456-nQP6?utm_source=combined_share_message&utm_medium=member_desktop&rcm=ACoAAFjBloEBCoRBULr0MiXfwMUhIt-tIPpF5F8
46,Marie Forleo,0.9,53,6,60,Teacher,Motherhood / Family,Thought Leadership,Hook -> Punch Line,Two journal prompts for the holiday season â¤ï¸,Two journal prompts for the holiday season â¤ï¸ Take a few moments to reflect and let these prompts bring a little more clarity and joy into your season,"Two journal prompts for the holiday season â¤ï¸
Take a few moments to reflect and let these prompts bring a little more clarity and joy into your season. 

If you feel called to, share in the comments what comes up for youâ€”letâ€™s inspire each other! ğŸ˜Šâœ¨",https://www.linkedin.com/posts/marieforleo_two-journal-prompts-for-the-holiday-season-activity-7409608982455250946-OHXE?utm_source=combined_share_message&utm_medium=member_desktop&rcm=ACoAACrk6mABRsYhz0r8LYjdDsgcuChdy2JFZfY
47,Marie Forleo,0.9,46,13,60,Teacher,Personal Development,Thought Leadership,Hook -> Insight -> Close,"Give yourself the gift of feeling fully alive â€” with energy, clarity, passion, and joy fueling every step.","Give yourself the gift of feeling fully alive â€” with energy, clarity, passion, and joy fueling every step.  As we gear up for a fresh new year, rememb","Give yourself the gift of feeling fully alive â€” with energy, clarity, passion, and joy fueling every step.

As we gear up for a fresh new year, remember that one surefire path to feeling your best is giving your body the care it truly deserves. ğŸ’–
Too often we maintain our cars, our homes, our inboxesâ€¦ before we maintain own well-being. ğŸ˜¬ğŸ˜­

But your body canâ€™t be neglected or pushed past its limits without consequences. When you treat it with respect, it becomes your strongest support system for everything you want to create next.

This holiday season, take time to reset your energy, refresh your habits, and fill your tank with what actually makes you feel good: sleep, hydration, movement, play, creativity, and nutrient-rich food. ğŸ¥¦ğŸ’¦ğŸƒğŸ½â€â™€ï¸ğŸ˜´ğŸ¨ğŸ’—

These small but powerful gifts will help you feel vibrant and balanced, allowing you to show up as your best self in all you do.",https://www.linkedin.com/posts/marieforleo_give-yourself-the-gift-of-feeling-fully-alive-activity-7408869107263115265-mkKF?utm_source=combined_share_message&utm_medium=member_desktop&rcm=ACoAACrk6mABRsYhz0r8LYjdDsgcuChdy2JFZfY
48,Marie Forleo,0.9,47,11,60,Teacher,Leadership,Direct Advice,Observation -> Question,The dream that scares you the most? Thatâ€™s the one your heart knows is worth chasing. Donâ€™t ignore it. ğŸ’—,The dream that scares you the most? Thatâ€™s the one your heart knows is worth chasing. Donâ€™t ignore it. ğŸ’—,The dream that scares you the most? Thatâ€™s the one your heart knows is worth chasing. Donâ€™t ignore it. ğŸ’—,https://www.linkedin.com/posts/marieforleo_the-dream-that-scares-you-the-most-that-activity-7420481202815516672-ZCSL?utm_source=combined_share_message&utm_medium=member_desktop&rcm=ACoAAD5xb0cBcXcywU3CieSEYi_FFKJPpkOt-DU
49,Marie Forleo,0.9,46,13,59,Teacher,Leadership,Thought Leadership,Hook -> Punch Line,Your dreams deserve more than â€œsomeday.â€ They deserve RIGHT now. ğŸ’—,Your dreams deserve more than â€œsomeday.â€ They deserve RIGHT now. ğŸ’—,Your dreams deserve more than â€œsomeday.â€ They deserve RIGHT now. ğŸ’—,https://www.linkedin.com/posts/marieforleo_your-dreams-deserve-more-than-someday-activity-7419491576969875456-y-_T?utm_source=combined_share_message&utm_medium=member_desktop&rcm=ACoAAEIEbisBTza1aT3oxdkctj-FhlZBo-FO460
50,Marie Forleo,0.9,49,10,59,Teacher,Leadership,Thought Leadership,Hook -> Punch Line,What an AMAZING weekend in Dubai!!! ğŸ¤©ğŸ¤©ğŸ¤©ğŸ¤©ğŸ¤©,What an AMAZING weekend in Dubai!!! ğŸ¤©ğŸ¤©ğŸ¤©ğŸ¤©ğŸ¤©,What an AMAZING weekend in Dubai!!! ğŸ¤©ğŸ¤©ğŸ¤©ğŸ¤©ğŸ¤©,https://www.linkedin.com/posts/marieforleo_what-an-amazing-weekend-in-dubai-activity-7416856725351231489-piF2?utm_source=combined_share_message&utm_medium=member_desktop&rcm=ACoAAEIEbisBTza1aT3oxdkctj-FhlZBo-FO460
51,Marie Forleo,0.9,46,13,59,Teacher,Finance / Money,Direct Advice,Observation -> Question,If you think you â€œmissed your chanceâ€ to build wealthâ€¦ you didnâ€™t. The next decade could be HUGE. ğŸ‘€ğŸ’°,If you think you â€œmissed your chanceâ€ to build wealthâ€¦ you didnâ€™t. The next decade could be HUGE. ğŸ‘€ğŸ’°  Do you feel hopeful about money right now â€” yes ,"If you think you â€œmissed your chanceâ€ to build wealthâ€¦ you didnâ€™t. The next decade could be HUGE. ğŸ‘€ğŸ’°

Do you feel hopeful about money right now â€” yes or no?ğŸ‘‡ğŸ»",https://www.linkedin.com/posts/marieforleo_if-you-think-you-missed-your-chance-to-activity-7415392069466144768-I3f3?utm_source=combined_share_message&utm_medium=member_desktop&rcm=ACoAAEsEBD8BVWmRbVDNLKFQvHyFxVThsLLzQNw
52,Marie Forleo,0.9,50,9,59,Contrarian,Motherhood / Family,Challenging Convention,Hook -> Insight -> Close,Most people donâ€™t struggle with money because theyâ€™re irresponsible. They struggle because no one ever taught them a system that actually works.ğŸ˜®â€ğŸ’¨,Most people donâ€™t struggle with money because theyâ€™re irresponsible. They struggle because no one ever taught them a system that actually works.ğŸ˜®â€ğŸ’¨  I,"Most people donâ€™t struggle with money because theyâ€™re irresponsible. They struggle because no one ever taught them a system that actually works.ğŸ˜®â€ğŸ’¨

In this MarieTV episode, David Bach and I talk about the real key to building wealth and it might surprise you. ğŸ‘€ Itâ€™s not about earning more. Itâ€™s about deciding to pay yourself first and making that choice automatic.ğŸ’°ğŸ’°ğŸ’° 

David breaks down why money stress tends to grow with every decade ğŸ˜¬, why waiting until you â€œmake moreâ€ keeps people stuck, and why today (not someday) is the moment that matters most. ğŸ”¥

If youâ€™ve ever thought, â€œI should really think about thisâ€¦â€ then this is your sign. 
I was once drowning in debt and scarcity myself. ğŸ™ˆ Learning how to automate my finances changed my life and I genuinely believe it can change yours too. ğŸ’—âœ¨

Click the link to start watching https://lnkd.in/dpzj6E7j ğŸ§",https://www.linkedin.com/posts/marieforleo_most-people-dont-struggle-with-money-because-activity-7411770687251607554-y2jw?utm_source=combined_share_message&utm_medium=member_desktop&rcm=ACoAACrk6mABRsYhz0r8LYjdDsgcuChdy2JFZfY
53,Marie Forleo,0.9,39,17,58,Teacher,Leadership,Direct Advice,Hook -> Punch Line,"One year from now, youâ€™ll be glad you started today. Promise.ğŸ’–","One year from now, youâ€™ll be glad you started today. Promise.ğŸ’–","One year from now, youâ€™ll be glad you started today. Promise.ğŸ’–",https://www.linkedin.com/posts/marieforleo_one-year-from-now-youll-be-glad-you-started-activity-7422707781209747456-_2Qw?utm_source=combined_share_message&utm_medium=member_desktop&rcm=ACoAADN3fVEB0WfoQ4ScbbnifJnnp6T1Y60M4FY
54,Marie Forleo,0.9,38,19,57,Teacher,Leadership,Direct Advice,Hook -> Punch Line,"If you wait to â€œfeel like it,â€ youâ€™ll be waiting forever.","If you wait to â€œfeel like it,â€ youâ€™ll be waiting forever.  Show up for your future self, even when your mood is meh. Commitment > mood. Every damn tim","If you wait to â€œfeel like it,â€ youâ€™ll be waiting forever.

Show up for your future self, even when your mood is meh. Commitment > mood. Every damn time. ğŸ’ªâœ¨",https://www.linkedin.com/posts/marieforleo_if-you-wait-to-feel-like-it-youll-be-activity-7417943760405377024-So8D?utm_source=combined_share_message&utm_medium=member_desktop&rcm=ACoAAEIEbisBTza1aT3oxdkctj-FhlZBo-FO460
55,Marie Forleo,0.9,39,16,56,Teacher,Finance / Money,Direct Advice,Hook -> Punch Line,â€œYou could be making SO much more moneyâ€¦â€,â€œYou could be making SO much more moneyâ€¦â€  Ever notice how people love to tell you what you *should* want? ğŸ™ƒ  Hereâ€™s the thing: money is a tool.  And ,"â€œYou could be making SO much more moneyâ€¦â€

Ever notice how people love to tell you what you *should* want? ğŸ™ƒ

Hereâ€™s the thing: money is a tool.

And tools should serve your life, not run it.
Freedom. Time. Creative energy.

Those arenâ€™t â€œsoftâ€ goals. Theyâ€™re strategic ones. ğŸ”¥

You get to choose a version of success that actually fits the life you want to live, not someone elseâ€™s idea of impressive. And yesâ€¦ that counts. ğŸ™ŒğŸ»",https://www.linkedin.com/posts/marieforleo_you-could-be-making-so-much-more-money-activity-7421967898518110209-Wnna?utm_source=combined_share_message&utm_medium=member_desktop&rcm=ACoAAD5xb0cBcXcywU3CieSEYi_FFKJPpkOt-DU
56,Marie Forleo,0.9,37,17,54,Teacher,Motherhood / Family,Direct Advice,Hook -> Punch Line,Ever notice how comparison convinces you not to start? ğŸ‘€,"Ever notice how comparison convinces you not to start? ğŸ‘€  You look at someone you admire and think, I could never be that good. ğŸ˜¬  So you wait. And tw","Ever notice how comparison convinces you not to start? ğŸ‘€

You look at someone you admire and think, I could never be that good. ğŸ˜¬

So you wait.
And tweak.
And overthink.

Meanwhileâ€¦ nothing gets made. ğŸ™ƒ
Start small. Start *sucky.* Start anyway.
Thatâ€™s how confidence is actually built.",https://www.linkedin.com/posts/marieforleo_ever-notice-how-comparison-convinces-you-activity-7425290043822534656-eMSY?utm_source=combined_share_message&utm_medium=member_desktop&rcm=ACoAAFUQ1rMBnKlItCJqYGL9C_CMNFJq6uTG0hc
57,Marie Forleo,0.9,45,8,54,Teacher,Personal Development,Thought Leadership,Hook -> Punch Line,No more letting fear decide the future.,No more letting fear decide the future. Your dreams are waiting for you. ğŸ’›,"No more letting fear decide the future.
Your dreams are waiting for you. ğŸ’›",https://www.linkedin.com/posts/marieforleo_no-more-letting-fear-decide-the-future-your-activity-7421915062124183553-JzKd?utm_source=combined_share_message&utm_medium=member_desktop&rcm=ACoAAD5xb0cBcXcywU3CieSEYi_FFKJPpkOt-DU
58,Marie Forleo,0.9,40,13,54,Teacher,Motherhood / Family,Direct Advice,Hook -> Punch Line,This isnâ€™t about where you are or what you have.,This isnâ€™t about where you are or what you have.  Itâ€™s about the moment you decide to trust yourself and take one honest step forward.  No comparison ,"This isnâ€™t about where you are or what you have.

Itâ€™s about the moment you decide to trust yourself and take one honest step forward.

No comparison
No rushing
Just âœ¨progressâœ¨

Your path is allowed to look different. ğŸ‘ğŸ»ğŸ‘ğŸ»ğŸ‘ğŸ»",https://www.linkedin.com/posts/marieforleo_this-isnt-about-where-you-are-or-what-you-activity-7417581496217231360-igpo?utm_source=combined_share_message&utm_medium=member_desktop&rcm=ACoAAEIEbisBTza1aT3oxdkctj-FhlZBo-FO460
59,Marie Forleo,0.8,39,14,53,Magician,Leadership,Pattern Interrupt,Hook -> Insight -> CTA,"Being in a room with tens of thousands of creators last week reminded me of something simple, but important.","Being in a room with tens of thousands of creators last week reminded me of something simple, but important.  After all these years, what keeps me sho","Being in a room with tens of thousands of creators last week reminded me of something simple, but important.

After all these years, what keeps me showing up isnâ€™t a strategy or a plan on paper. 

Itâ€™s the hope that one idea, one tool, or one shift in perspective might help you move forward in a real way.

Weâ€™re still early in the year. Thereâ€™s time to make 2026 feel lighter. More creative. More aligned with who you really are.

So Iâ€™ll ask you the same question Iâ€™ve been sitting with: What do you need help with right now? Let me know in the comments ğŸ‘‡ğŸ»

And if youâ€™d like some practical support to take your next step, click the link for something free to help you get unstuck and moving again. https://lnkd.in/g9Z9sUG7 ğŸ’›

Iâ€™m cheering you on. Always.
XO, M",https://www.linkedin.com/posts/marieforleo_being-in-a-room-with-tens-of-thousands-of-activity-7419378219495153664-NGxb?utm_source=combined_share_message&utm_medium=member_desktop&rcm=ACoAAEIEbisBTza1aT3oxdkctj-FhlZBo-FO460
60,Marie Forleo,0.8,42,10,52,Teacher,Leadership,Direct Advice,Hook -> Punch Line,The world is loud. But donâ€™t let all the noise drown out the work your soul came here to do.,"The world is loud. But donâ€™t let all the noise drown out the work your soul came here to do.  You have a unique purpose, a gift only you can bring. Tr","The world is loud. But donâ€™t let all the noise drown out the work your soul came here to do.

You have a unique purpose, a gift only you can bring. Trust it. Honor it. Share it. ğŸ’—

Share this with a friend who needs this reminder today! ğŸ¥°",https://www.linkedin.com/posts/marieforleo_the-world-is-loud-but-dont-let-all-the-activity-7429540289259728896-tYUj?utm_source=combined_share_message&utm_medium=member_desktop&rcm=ACoAADYTW2ABrkqUW6gvZEMoz2OzOvvdx6Gq6bg
61,Marie Forleo,0.8,37,12,52,Contrarian,Personal Development,Challenging Convention,Hook -> Punch Line,"On your deathbed, you wonâ€™t care who thought your dream was â€œunrealistic.â€ ğŸ˜Œ","On your deathbed, you wonâ€™t care who thought your dream was â€œunrealistic.â€ ğŸ˜Œ  What you *will* care about? Whether you had the courage to live true to ","On your deathbed, you wonâ€™t care who thought your dream was â€œunrealistic.â€ ğŸ˜Œ

What you *will* care about? Whether you had the courage to live true to yourself. ğŸ’›

So stop giving your power away to opinions. ğŸ™…â€â™€ï¸ And start doing what you want to do NOW. Because action is the antidote to fear. ğŸ’ªğŸ™‚ Not perfect action, any action.",https://www.linkedin.com/posts/marieforleo_on-your-deathbed-you-wont-care-who-thought-activity-7427464118363820032-yi_c?utm_source=combined_share_message&utm_medium=member_desktop&rcm=ACoAADWuLVEBI99rxrHle4hYELPY12Zi8VCwl_0
62,Marie Forleo,0.8,41,9,51,Teacher,Career Growth,Direct Advice,Hook -> Punch Line,You are NOT starting from scratch. ğŸ™ŒğŸ»ğŸ’–,You are NOT starting from scratch. ğŸ™ŒğŸ»ğŸ’–  Youâ€™re starting from experience. From wisdom. From strengths youâ€™ve already earned. ğŸ’ªğŸ»  It is never too late t,"You are NOT starting from scratch. ğŸ™ŒğŸ»ğŸ’–

Youâ€™re starting from experience. From wisdom. From strengths youâ€™ve already earned. ğŸ’ªğŸ»

It is never too late to start a new career or build a new business. So please donâ€™t sell yourself short. The world needs what youâ€™ve got. ğŸ’•",https://www.linkedin.com/posts/marieforleo_you-are-not-starting-from-scratch-activity-7429887613358116864-V1sT?utm_source=combined_share_message&utm_medium=member_desktop&rcm=ACoAADYTW2ABrkqUW6gvZEMoz2OzOvvdx6Gq6bg
63,Marie Forleo,0.8,31,18,51,Teacher,Leadership,Direct Advice,Hook -> Punch Line,Your beliefs are the train tracks of your life. ğŸš‚âœ¨,"Your beliefs are the train tracks of your life. ğŸš‚âœ¨  If you donâ€™t believe you can learn it, build it, or become itâ€¦ you wonâ€™t.  Not because itâ€™s imposs","Your beliefs are the train tracks of your life. ğŸš‚âœ¨

If you donâ€™t believe you can learn it, build it, or become itâ€¦ you wonâ€™t.

Not because itâ€™s impossible, but because your beliefs determine your direction. 

Change your beliefs â†’ change your thoughts â†’ change your results. 

Start there. ğŸ™ŒğŸ»",https://www.linkedin.com/posts/marieforleo_your-beliefs-are-the-train-tracks-of-your-activity-7430000839919853568-nr_u?utm_source=combined_share_message&utm_medium=member_desktop&rcm=ACoAADYTW2ABrkqUW6gvZEMoz2OzOvvdx6Gq6bg
64,Marie Forleo,0.8,39,9,51,Teacher,Motherhood / Family,Thought Leadership,Hook -> Punch Line,"If life feels loud right now, let this be your quiet moment.ğŸ§˜ğŸ»â€â™€ï¸","If life feels loud right now, let this be your quiet moment.ğŸ§˜ğŸ»â€â™€ï¸  Breathe in. Breathe out. Youâ€™ve got this. ğŸ’›âœ¨  Save this for later or send it to som","If life feels loud right now, let this be your quiet moment.ğŸ§˜ğŸ»â€â™€ï¸

Breathe in.
Breathe out.
Youâ€™ve got this. ğŸ’›âœ¨

Save this for later or send it to someone who needs a calm reminder today. ğŸ«¶",https://www.linkedin.com/posts/marieforleo_if-life-feels-loud-right-now-let-this-be-activity-7422639821539602433-E2RX?utm_source=combined_share_message&utm_medium=member_desktop&rcm=ACoAADN3fVEB0WfoQ4ScbbnifJnnp6T1Y60M4FY
65,Marie Forleo,0.8,25,25,50,Teacher,Leadership,Thought Leadership,Hook -> Punch Line,T H I S ğŸ‘† Itâ€™s one of THE most important lessons I can share after 25 years in businessâ€¦,T H I S ğŸ‘† Itâ€™s one of THE most important lessons I can share after 25 years in businessâ€¦  Itâ€™s all about the long game. Forget about â€˜instantâ€™ anythin,"T H I S ğŸ‘† Itâ€™s one of THE most important lessons I can share after 25 years in businessâ€¦

Itâ€™s all about the long game. Forget about â€˜instantâ€™ anything. Build brick by brick, over time. ğŸ™ŒğŸ¼

Youâ€™ll get there. ğŸ’•

If youâ€™re thinking about joining us for B-School, get in now before the doors close. Click the link to get started https://lnkd.in/gWyZyT2c âœ¨",https://www.linkedin.com/posts/marieforleo_t-h-i-s-its-one-of-the-most-important-activity-7430597132409212928-FHPh?utm_source=combined_share_message&utm_medium=member_desktop&rcm=ACoAADYTW2ABrkqUW6gvZEMoz2OzOvvdx6Gq6bg
66,Marie Forleo,0.8,38,10,49,Teacher,Leadership,Direct Advice,Observation -> Question,"Your calendar never lies. ğŸ˜… If something matters to you, you make time for it.","Your calendar never lies. ğŸ˜… If something matters to you, you make time for it.   So ask yourself: Am I aligning what I say is important with my action","Your calendar never lies. ğŸ˜… If something matters to you, you make time for it. 

So ask yourself: Am I aligning what I say is important with my actions in the real world? If not, adjust NOW :)

Alignment changes everything. ğŸ™ŒğŸ»",https://www.linkedin.com/posts/marieforleo_your-calendar-never-lies-if-something-activity-7424089401552654336-pQwn?utm_source=combined_share_message&utm_medium=member_desktop&rcm=ACoAADN3fVEB0WfoQ4ScbbnifJnnp6T1Y60M4FY
67,Marie Forleo,0.7,38,8,47,Teacher,Career Growth,Direct Advice,Hook -> Insight -> Question,"You know that moment when you read something and think, â€œHoly sh!tâ€¦ someone finally GETS itâ€? ğŸ˜­ğŸ˜­ğŸ’—","You know that moment when you read something and think, â€œHoly sh!tâ€¦ someone finally GETS itâ€? ğŸ˜­ğŸ˜­ğŸ’—  That was me with my friend Dr. Mindy Pelz's new boo","You know that moment when you read something and think, â€œHoly sh!tâ€¦ someone finally GETS itâ€? ğŸ˜­ğŸ˜­ğŸ’—

That was me with my friend Dr. Mindy Pelz's new book, Age Like a Girl.

I finished it on a plane,âœˆï¸ called Josh, and said, â€œI feel SO much better.â€ Itâ€™s the first thing in years thatâ€™s made me feel truly seen. Iâ€™ve done the interviews, read the books, seen the doctors â€” but nothing clicked like this. ğŸ™ğŸ’—

So I brought Mindy back on MarieTV to talk about whatâ€™s REALLY happening in midlife â€” the brain fog, fatigue, stress intoleranceâ€¦ all of it.

If youâ€™ve been wondering, â€œWhat happened to me?â€ or â€œWhy canâ€™t I hold it together?â€ this episode will make you feel less alone and WAY more empowered. ğŸ’ªâœ¨

Click the link to watch the full episode now â¡ï¸ https://lnkd.in/gaMX2rb2

Canâ€™t wait to hear what you think.ğŸ’›",https://www.linkedin.com/posts/marieforleo_you-know-that-moment-when-you-read-something-activity-7406702329347022848-4UwN?utm_source=combined_share_message&utm_medium=member_desktop&rcm=ACoAAC4jc3UBNDwi0iakJa7TE73D10HE7YvXxCo
68,Marie Forleo,0.7,36,9,46,Teacher,Leadership,Thought Leadership,Hook -> Insight -> Question,"What youâ€™re capable of creating, experiencing, and contributing over the next few decades of your life will SURPRISE YOU. ğŸ’—","What youâ€™re capable of creating, experiencing, and contributing over the next few decades of your life will SURPRISE YOU. ğŸ’—  *But youâ€™ve GOT to start ","What youâ€™re capable of creating, experiencing, and contributing over the next few decades of your life will SURPRISE YOU. ğŸ’—

*But youâ€™ve GOT to start now.*

Look, you wonâ€™t know every step in advance. No one can promise itâ€™ll turn out exactly the way you imagine.But hereâ€™s what we DO know... that time is going to pass.

So what will future you â€” the you in 2036 or 2046 â€” be really grateful you began today? (besides wearing sunscreen ğŸ˜³ğŸ˜‰)

Use the limited time you have. Start now. Start now. Start now. Start now. ğŸ’—",https://www.linkedin.com/posts/marieforleo_what-youre-capable-of-creating-experiencing-activity-7427056287944929282-GOY2?utm_source=combined_share_message&utm_medium=member_desktop&rcm=ACoAAFUQ1rMBnKlItCJqYGL9C_CMNFJq6uTG0hc
69,Marie Forleo,0.7,36,9,46,Teacher,AI / Tech,Thought Leadership,Hook -> Insight -> Close,Here's the truth: You're one decision away from everything changing.,Here's the truth: You're one decision away from everything changing.  2026 can be completely different. OR it can be Groundhog Day all over again.  Ri,"Here's the truth: You're one decision away from everything changing.

2026 can be completely different. OR it can be Groundhog Day all over again.

Right now, there's a fork in the road. One path? Another year of ""maybe eventually."" The other? People reaching out to work with you. Real money in your account. True freedom.ğŸ’¥

That's where B-School comes in.

We've completely rebuilt B-School with AI baked in. Imagine AI tools that write your sales pages, emails, and social posts in YOUR voice â€” using my exact frameworks. No more staring at a blank screen. No more guessing what to say.

Doors open in February. ğŸ¥³ğŸ¥³ğŸ¥³ 

Click the link to get on the waitlist and see if 2026 is finally the year you go all in ğŸ‘‰ğŸ» https://lnkd.in/gi57Btaa",https://www.linkedin.com/posts/marieforleo_heres-the-truth-youre-one-decision-away-activity-7414304765054111744--UoA?utm_source=combined_share_message&utm_medium=member_desktop&rcm=ACoAAEsEBD8BVWmRbVDNLKFQvHyFxVThsLLzQNw
70,Marie Forleo,0.7,35,9,45,Teacher,Leadership,Thought Leadership,Hook -> Punch Line,Your greatest power is within.,Your greatest power is within. Slow down long enough to hear it. Then trust yourself enough to act on it.ğŸ’—,"Your greatest power is within.
Slow down long enough to hear it.
Then trust yourself enough to act on it.ğŸ’—",https://www.linkedin.com/posts/marieforleo_your-greatest-power-is-within-slow-down-activity-7419846414773653504-kALW?utm_source=combined_share_message&utm_medium=member_desktop&rcm=ACoAAD5xb0cBcXcywU3CieSEYi_FFKJPpkOt-DU
71,Marie Forleo,0.7,34,8,44,Teacher,Leadership,Direct Advice,Observation -> Question,Clarity doesnâ€™t come from overthinking.,Clarity doesnâ€™t come from overthinking. It comes from engaging. ğŸ‘Šâœ¨  You donâ€™t sit around waiting for certainty. You test. You try. You learn.  And if ,"Clarity doesnâ€™t come from overthinking.
It comes from engaging. ğŸ‘Šâœ¨

You donâ€™t sit around waiting for certainty.
You test. You try. You learn.

And if something doesnâ€™t work? Thatâ€™s not proof youâ€™re â€œbad at businessâ€ or â€œnot cut out for this.â€ ğŸš«âŒ

It usually just means:
ğŸ‘‰ wrong idea
ğŸ‘‰ wrong market
ğŸ‘‰ or wrong timing

Thatâ€™s it. No moral failure attached. ğŸ’›",https://www.linkedin.com/posts/marieforleo_clarity-doesnt-come-from-overthinking-it-activity-7426626104670609408-_0TN?utm_source=combined_share_message&utm_medium=member_desktop&rcm=ACoAAFUQ1rMBnKlItCJqYGL9C_CMNFJq6uTG0hc
72,Marie Forleo,0.7,28,13,44,Teacher,Leadership,Direct Advice,Hook -> Punch Line,Are you living the life YOU actually want to live? ğŸ¤”ğŸ’›,"Are you living the life YOU actually want to live? ğŸ¤”ğŸ’›  Itâ€™s so easy to slip into autopilot. To make choices based on expectations, obligations, or wha","Are you living the life YOU actually want to live? ğŸ¤”ğŸ’›

Itâ€™s so easy to slip into autopilot. To make choices based on expectations, obligations, or what looks â€œrightâ€ on paper.

But youâ€™re not here to live someone elseâ€™s plan. You came with a unique assignment. 

So remember: your dreams matter. All of them. Don't let others dictate your life. ğŸ’–",https://www.linkedin.com/posts/marieforleo_are-you-living-the-life-you-actually-want-activity-7426686555194478592-KRrj?utm_source=combined_share_message&utm_medium=member_desktop&rcm=ACoAAFUQ1rMBnKlItCJqYGL9C_CMNFJq6uTG0hc
73,Marie Forleo,0.7,26,16,42,Teacher,Leadership,Thought Leadership,Observation -> Question,Hustle culture lied to us. ğŸ˜¬ğŸ˜…,"Hustle culture lied to us. ğŸ˜¬ğŸ˜…  Somewhere along the way, â€œdream biggerâ€ got twisted into â€œwant moreâ€¦ even if it drains you.â€ ğŸ˜®â€ğŸ’¨  But what if the goal ","Hustle culture lied to us. ğŸ˜¬ğŸ˜…

Somewhere along the way, â€œdream biggerâ€ got twisted into â€œwant moreâ€¦ even if it drains you.â€ ğŸ˜®â€ğŸ’¨

But what if the goal isnâ€™t more â€” itâ€™s meaning? What if success isnâ€™t measured by scale, but by how aligned your life actually feels?

You donâ€™t need a louder dream.
You need an *honest* one. ğŸ’—

If your vision supports your health, your values, and your joyâ€¦ youâ€™re not behind.
Youâ€™re right on time. âœ¨",https://www.linkedin.com/posts/marieforleo_hustle-culture-lied-to-us-somewhere-activity-7417296114791563264-AOXb?utm_source=combined_share_message&utm_medium=member_desktop&rcm=ACoAAEIEbisBTza1aT3oxdkctj-FhlZBo-FO460
74,Marie Forleo,0.7,28,13,42,Teacher,Leadership,Practical Framework,Hook -> Insight -> Close,Worried youâ€™ve already hit the â€œbigâ€ goalsâ€¦ and now itâ€™s just rinse and repeat?,Worried youâ€™ve already hit the â€œbigâ€ goalsâ€¦ and now itâ€™s just rinse and repeat? Nope. ğŸ™…ğŸ»â€â™€ï¸  There is no conventional timeline for expansion. And ther,"Worried youâ€™ve already hit the â€œbigâ€ goalsâ€¦ and now itâ€™s just rinse and repeat?
Nope. ğŸ™…ğŸ»â€â™€ï¸

There is no conventional timeline for expansion. And thereâ€™s no rule that says once the boxes are checked, you stop evolving or dreaming.

When things start working, thatâ€™s your cue to go deeper. To ask how you want your life to *feel* day to day.

Your next chapter doesnâ€™t have to be louder. It just has to be true to YOU. ğŸ’•

P.S. B-School doors close soon. Click the link to get started https://lnkd.in/gWyZyT2c",https://www.linkedin.com/posts/marieforleo_worried-youve-already-hit-the-big-goals-activity-7429630897135435776-RIUF?utm_source=combined_share_message&utm_medium=member_desktop&rcm=ACoAADYTW2ABrkqUW6gvZEMoz2OzOvvdx6Gq6bg
75,Marie Forleo,0.7,31,9,42,Teacher,Leadership,Direct Advice,Hook -> Punch Line,Youâ€™re not behind because you havenâ€™t quit your job. ğŸ™ƒ Youâ€™re being strategic.,"Youâ€™re not behind because you havenâ€™t quit your job. ğŸ™ƒ Youâ€™re being strategic.  Building a business on the side gives you space to learn, experiment, ","Youâ€™re not behind because you havenâ€™t quit your job. ğŸ™ƒ Youâ€™re being strategic.

Building a business on the side gives you space to learn, experiment, and grow without panic ğŸ˜ŒğŸ’¥

Thatâ€™s not playing small â€” thatâ€™s playing smart.",https://www.linkedin.com/posts/marieforleo_youre-not-behind-because-you-havent-quit-activity-7424927402696544256-1ZPD?utm_source=combined_share_message&utm_medium=member_desktop&rcm=ACoAAFUQ1rMBnKlItCJqYGL9C_CMNFJq6uTG0hc
76,Marie Forleo,0.6,33,7,41,Teacher,Leadership,Thought Leadership,Hook -> Punch Line,"There's a beautiful truth we often forget: there's no one-size-fits-all path to success or fulfillment. Your journey is unlike anyone else's, and that's something to celebrate! âœ¨","There's a beautiful truth we often forget: there's no one-size-fits-all path to success or fulfillment. Your journey is unlike anyone else's, and that","There's a beautiful truth we often forget: there's no one-size-fits-all path to success or fulfillment. Your journey is unlike anyone else's, and that's something to celebrate! âœ¨",https://www.linkedin.com/posts/marieforleo_theres-a-beautiful-truth-we-often-forget-activity-7425176530542301185-Xmbg?utm_source=combined_share_message&utm_medium=member_desktop&rcm=ACoAAFUQ1rMBnKlItCJqYGL9C_CMNFJq6uTG0hc
77,Marie Forleo,0.6,32,8,40,Teacher,Leadership,Direct Advice,Hook -> Punch Line,If you want to enjoy your holiday meal and feel amazing afterwardâ€¦ this trick is gold. ğŸ’›ğŸ¥—,If you want to enjoy your holiday meal and feel amazing afterwardâ€¦ this trick is gold. ğŸ’›ğŸ¥—,If you want to enjoy your holiday meal and feel amazing afterwardâ€¦ this trick is gold. ğŸ’›ğŸ¥—,https://www.linkedin.com/posts/marieforleo_if-you-want-to-enjoy-your-holiday-meal-and-activity-7399824554862374912-Ehx7?utm_source=combined_share_message&utm_medium=member_desktop&rcm=ACoAAFjBloEBCoRBULr0MiXfwMUhIt-tIPpF5F8
78,Marie Forleo,0.6,32,7,40,Teacher,Philanthropy / Cause,Direct Advice,Hook -> Insight -> Close,"If youâ€™ve been waiting for a sign to start your dream business, THIS. IS. IT. ğŸ’¥","If youâ€™ve been waiting for a sign to start your dream business, THIS. IS. IT. ğŸ’¥  You donâ€™t need a trust fund. You donâ€™t need an MBA. You donâ€™t need to","If youâ€™ve been waiting for a sign to start your dream business, THIS. IS. IT. ğŸ’¥

You donâ€™t need a trust fund.
You donâ€™t need an MBA.
You donâ€™t need to have it all figured out.

What you DO need?
ğŸ”¥ A dream that wonâ€™t quit
ğŸ”¥ A step-by-step plan to make it happen
ğŸ”¥ A community that has your back

Thatâ€™s exactly what youâ€™ll get inside B-Schoolâ€”and the sooner you join, the sooner you start building the business (and life) you actually want.
Doors officially close tomorrow at 7 PM ETâ€¦ so donâ€™t wait. ğŸƒğŸ¼â€â™€ï¸

ğŸ‘‰ğŸ¼Click the link to get started https://lnkd.in/gWyZyT2c",https://www.linkedin.com/posts/marieforleo_if-youve-been-waiting-for-a-sign-to-start-activity-7430310287016087553-TB5C?utm_source=combined_share_message&utm_medium=member_desktop&rcm=ACoAADYTW2ABrkqUW6gvZEMoz2OzOvvdx6Gq6bg
79,Marie Forleo,0.6,30,9,40,Teacher,Leadership,Direct Advice,Hook -> Punch Line,Are you chasing *your* dreamâ€¦ or someone elseâ€™s?,Are you chasing *your* dreamâ€¦ or someone elseâ€™s?  Itâ€™s easy to absorb expectations without realizing it. Scroll online long enough and suddenly your p,"Are you chasing *your* dreamâ€¦ or someone elseâ€™s?

Itâ€™s easy to absorb expectations without realizing it. Scroll online long enough and suddenly your perfectly good vision starts to feel â€œtoo smallâ€ or â€œnot ambitious enough.â€ ğŸ˜µâ€ğŸ’«ğŸ« 

But the desires that keep resurfacing?
Those arenâ€™t random. Theyâ€™re clues.âœ¨

Your life isnâ€™t meant to mirror anyone elseâ€™s highlight reel. Itâ€™s meant to reflect who YOU actually are â€” and what youâ€™re here to experience. ğŸ’—

That clarity is worth protecting.ğŸ™ŒğŸ»",https://www.linkedin.com/posts/marieforleo_are-you-chasing-your-dream-or-someone-activity-7425599361390383104-3OUj?utm_source=combined_share_message&utm_medium=member_desktop&rcm=ACoAAFUQ1rMBnKlItCJqYGL9C_CMNFJq6uTG0hc
80,Marie Forleo,0.6,31,7,38,Teacher,Leadership,Thought Leadership,Observation -> Question,Feeling â€œbehindâ€ in life?,"Feeling â€œbehindâ€ in life?  Youâ€™re not late or off track. Youâ€™re exactly where youâ€™re meant to be. Your journey is yours â€” unique, beautiful, and unfol","Feeling â€œbehindâ€ in life?

Youâ€™re not late or off track. Youâ€™re exactly where youâ€™re meant to be. Your journey is yours â€” unique, beautiful, and unfolding in perfect timing. Remember, every step counts, even the tiny ones. So keep going because the world REALLY needs your magic.ğŸ’–

Want to take the next step toward your dream business?
Click the link to join my FREE 3-day Dream Business Bootcamp ğŸ‰
Letâ€™s make this your year. https://lnkd.in/g9Z9sUG7",https://www.linkedin.com/posts/marieforleo_feeling-behind-in-life-youre-not-late-activity-7424829253944463360-iVGP?utm_source=combined_share_message&utm_medium=member_desktop&rcm=ACoAADN3fVEB0WfoQ4ScbbnifJnnp6T1Y60M4FY
81,Marie Forleo,0.6,28,10,38,Contrarian,Entrepreneurship,Challenging Convention,Hook -> Insight -> Close,Most people donâ€™t have a content problem. They have an offer problem.ğŸ’¥,"Most people donâ€™t have a content problem. They have an offer problem.ğŸ’¥  If your offer feels hard to explain, your audience feels unsure how to buy.ğŸ˜¬ A","Most people donâ€™t have a content problem. They have an offer problem.ğŸ’¥

If your offer feels hard to explain, your audience feels unsure how to buy.ğŸ˜¬ And when people feel unsure, they hesitate.

So you keep tweaking captions. Posting more. Waiting. And nothing changes.

Hereâ€™s the truth ğŸ‘‡
Most entrepreneurs are one clear, profitable offer away from real momentum. They just donâ€™t know how to build it or validate it without months of overthinking.

Thatâ€™s why I created the $250K Offer App.âœ¨

In one guided experience, you go from idea overload ğŸ¤¯ to one clear, validated offer, plus the sales page and 7 emails to actually sell it. 

No guessing. No duct-taped launches. No spending months making $0 while you â€œfigure it out.â€ ğŸ™…â€â™€ï¸

If youâ€™re ready to stop circling and build one offer you can sell with confidence ğŸ’ª click the link to get started https://lnkd.in/ddSrChXq",https://www.linkedin.com/posts/marieforleo_most-people-dont-have-a-content-problem-activity-7419755718628704258-DMk9?utm_source=combined_share_message&utm_medium=member_desktop&rcm=ACoAAEIEbisBTza1aT3oxdkctj-FhlZBo-FO460
82,Marie Forleo,0.6,29,9,38,Contrarian,Leadership,Challenging Convention,Hook -> Punch Line,Womenâ€™s health isnâ€™t one-size-fits-all. ğŸ‘€Your intuition matters. So stop outsourcing your power and start trusting your body. ğŸ’—,Womenâ€™s health isnâ€™t one-size-fits-all. ğŸ‘€Your intuition matters. So stop outsourcing your power and start trusting your body. ğŸ’—,Womenâ€™s health isnâ€™t one-size-fits-all. ğŸ‘€Your intuition matters. So stop outsourcing your power and start trusting your body. ğŸ’—,https://www.linkedin.com/posts/marieforleo_womens-health-isnt-one-size-fits-all-activity-7404996076002377731-hUB4?utm_source=combined_share_message&utm_medium=member_desktop&rcm=ACoAAC4jc3UBNDwi0iakJa7TE73D10HE7YvXxCo
83,Marie Forleo,0.6,29,7,37,Teacher,Personal Development,Thought Leadership,Hook -> Punch Line,"Menopause and perimenopause can hit like a truth tsunami. All the burnout, stress, emotional overload and people-pleasing youâ€™ve pushed through suddenly demand attention. ğŸ˜…ğŸ˜¬ If you feel like â€œIâ€™m not okay,â€ youâ€™re not aloneâ€¦ and there is nothing wrong with you. ğŸ’—","Menopause and perimenopause can hit like a truth tsunami. All the burnout, stress, emotional overload and people-pleasing youâ€™ve pushed through sudden","Menopause and perimenopause can hit like a truth tsunami. All the burnout, stress, emotional overload and people-pleasing youâ€™ve pushed through suddenly demand attention. ğŸ˜…ğŸ˜¬ If you feel like â€œIâ€™m not okay,â€ youâ€™re not aloneâ€¦ and there is nothing wrong with you. ğŸ’—

Click the link to watch the full episode now â¡ï¸ https://lnkd.in/gaMX2rb2",https://www.linkedin.com/posts/marieforleo_menopause-and-perimenopause-can-hit-like-activity-7407434656897363986-kOtS?utm_source=combined_share_message&utm_medium=member_desktop&rcm=ACoAACrk6mABRsYhz0r8LYjdDsgcuChdy2JFZfY
84,Marie Forleo,0.6,31,5,36,Teacher,Leadership,Thought Leadership,Observation -> Question,@laney on why imposter syndrome shows up â€” and how to see it differently. ğŸ‘€,@laney on why imposter syndrome shows up â€” and how to see it differently. ğŸ‘€  Thoughts? Comment below ğŸ‘‡ğŸ¼,"@laney on why imposter syndrome shows up â€” and how to see it differently. ğŸ‘€

Thoughts? Comment below ğŸ‘‡ğŸ¼",https://www.linkedin.com/posts/marieforleo_laney-on-why-imposter-syndrome-shows-up-activity-7420118230251393025-ebxN?utm_source=combined_share_message&utm_medium=member_desktop&rcm=ACoAAD5xb0cBcXcywU3CieSEYi_FFKJPpkOt-DU
85,Marie Forleo,0.6,23,12,35,Teacher,Finance / Money,Thought Leadership,Hook -> Insight -> CTA,This X a gajillion.,"This X a gajillion.  Itâ€™s okay to want moreâ€”more time freedom, more location freedom, more creative freedom.  Itâ€™s okay to want more MONEY. (PSA: Want","This X a gajillion.

Itâ€™s okay to want moreâ€”more time freedom, more location freedom, more creative freedom.

Itâ€™s okay to want more MONEY. (PSA: Wanting money doesnâ€™t make you greedy, selfish, or bad. It makes you human.)

Itâ€™s okay to want more joy, more fulfillment, more deep, soul-shaking friendships.

Itâ€™s okay to want a better worldâ€”more justice, more equity, more opportunities for everyone.

Truth is? Youâ€™ve probably been conditioned to settle for less. To feel guilty for wanting more. To think, â€œShouldnâ€™t I just be grateful? Is it really okay to dream this big?â€

YES, IT IS.

ğŸ”¥ Wanting more doesnâ€™t mean youâ€™re ungrateful. You can be wildly ambitious and deeply appreciative at the same time.

ğŸ”¥ More success for YOU doesnâ€™t take away from anyone else. In fact, the more you own, activate, and celebrate your dreams, the more you inspire others to do the same.

So hereâ€™s your permission slip:
âœ¨ Be proud of your ambition.
âœ¨ Own your desires.
âœ¨ Burn the myth that youâ€™re â€œtoo much.â€

In the comments, tell me what you want MORE of. Big or smallâ€”name it to claim it. ğŸ’—ğŸ‘‡ğŸ¼",https://www.linkedin.com/posts/marieforleo_this-x-a-gajillion-its-okay-to-want-moremore-activity-7429948052158742528-TtSn?utm_source=combined_share_message&utm_medium=member_desktop&rcm=ACoAADYTW2ABrkqUW6gvZEMoz2OzOvvdx6Gq6bg
86,Marie Forleo,0.6,30,5,35,Teacher,Finance / Money,Thought Leadership,Hook -> Punch Line,T R U T H with a very big capital T. Send this to a friend who needs to hear this today and follow me for more ğŸ’–,T R U T H with a very big capital T. Send this to a friend who needs to hear this today and follow me for more ğŸ’–,T R U T H with a very big capital T. Send this to a friend who needs to hear this today and follow me for more ğŸ’–,https://www.linkedin.com/posts/marieforleo_t-r-u-t-h-with-a-very-big-capital-t-send-activity-7424564860325126144-JCYy?utm_source=combined_share_message&utm_medium=member_desktop&rcm=ACoAADN3fVEB0WfoQ4ScbbnifJnnp6T1Y60M4FY
87,Marie Forleo,0.5,24,9,33,Contrarian,Motherhood / Family,Challenging Convention,Hook -> Punch Line,Still waiting for the perfect moment? Thatâ€™s exactly why youâ€™re stuck.,"Still waiting for the perfect moment? Thatâ€™s exactly why youâ€™re stuck.  The second you stop waiting and actually move, everything starts moving with y","Still waiting for the perfect moment? Thatâ€™s exactly why youâ€™re stuck.

The second you stop waiting and actually move, everything starts moving with you. ğŸ‘“ğŸ˜³
That â€œhow is this suddenly working?â€ feeling isnâ€™t magic. Itâ€™s momentum.

Dream Business Bootcamp is designed to help you make the move, simplify your focus, and build real momentum â€” without spinning your wheels.

If youâ€™re ready to stop circling the plan and start making progress, this is your sign. ğŸ‘‰ğŸ¼ Click here https://lnkd.in/g9Z9sUG7",https://www.linkedin.com/posts/marieforleo_still-waiting-for-the-perfect-moment-that-activity-7424199077770256384-ayDR?utm_source=combined_share_message&utm_medium=member_desktop&rcm=ACoAADN3fVEB0WfoQ4ScbbnifJnnp6T1Y60M4FY
88,Marie Forleo,0.5,24,8,33,Teacher,Motherhood / Family,Thought Leadership,Observation -> Question,Menopause isnâ€™t the season to people-please. Itâ€™s the season to build life on YOUR terms. âœ¨,Menopause isnâ€™t the season to people-please. Itâ€™s the season to build life on YOUR terms. âœ¨  If youâ€™re in this chapterâ€¦ does this resonate? ğŸ‘€ğŸ’›,"Menopause isnâ€™t the season to people-please. Itâ€™s the season to build life on YOUR terms. âœ¨

If youâ€™re in this chapterâ€¦ does this resonate? ğŸ‘€ğŸ’›",https://www.linkedin.com/posts/marieforleo_menopause-isnt-the-season-to-people-please-activity-7414410589411774465-FwdQ?utm_source=combined_share_message&utm_medium=member_desktop&rcm=ACoAAEsEBD8BVWmRbVDNLKFQvHyFxVThsLLzQNw
89,Marie Forleo,0.5,24,8,32,Teacher,Finance / Money,Thought Leadership,Hook -> Punch Line,Budgeting feels like a full-time job no one applied for. ğŸ˜…,"Budgeting feels like a full-time job no one applied for. ğŸ˜…  And according to David Bach, thatâ€™s exactly why it doesnâ€™t work. Thereâ€™s a better way to b","Budgeting feels like a full-time job no one applied for. ğŸ˜…

And according to David Bach, thatâ€™s exactly why it doesnâ€™t work. Thereâ€™s a better way to build wealth and it doesnâ€™t involve fighting over spreadsheets.ğŸ˜†ğŸ“Š

Click the link to start watching https://lnkd.in/dpzj6E7j ğŸ§",https://www.linkedin.com/posts/marieforleo_budgeting-feels-like-a-full-time-job-no-one-activity-7412508083832176640--GXN?utm_source=combined_share_message&utm_medium=member_desktop&rcm=ACoAAEsEBD8BVWmRbVDNLKFQvHyFxVThsLLzQNw
90,Marie Forleo,0.5,26,5,32,Teacher,Leadership,Thought Leadership,Hook -> Punch Line,This ğŸ‘†ğŸ¼ is your daily PSA. ğŸ©µ,"This ğŸ‘†ğŸ¼ is your daily PSA. ğŸ©µ   Iâ€™ve been EXTRA my whole damn lifeâ€”and guess what? Iâ€™m not stopping anytime soon. ğŸ˜‚ All your quirks, contradictions, an","This ğŸ‘†ğŸ¼ is your daily PSA. ğŸ©µ 

Iâ€™ve been EXTRA my whole damn lifeâ€”and guess what? Iâ€™m not stopping anytime soon. ğŸ˜‚ All your quirks, contradictions, and wild, wonderful edges are what make you uniquely YOU. ğŸ’¯ğŸ’—â€¼ï¸

Remember... You are a one-time mega event in the Universe. ğŸ™ğŸ¼ Donâ€™t waste it. ğŸ’—

P.S. DBB starts next week - get your butt ğŸ‘ signed up now! Click the link to join https://lnkd.in/g9Z9sUG7",https://www.linkedin.com/posts/marieforleo_this-is-your-daily-psa-ive-been-activity-7425244346884538369-VrrY?utm_source=combined_share_message&utm_medium=member_desktop&rcm=ACoAAFUQ1rMBnKlItCJqYGL9C_CMNFJq6uTG0hc
91,Marie Forleo,0.5,19,11,31,Teacher,Motherhood / Family,Thought Leadership,Hook -> Insight -> Close,Big shifts donâ€™t just change the economy... they reveal who has the skills to adapt and who feels stuck reacting.,Big shifts donâ€™t just change the economy... they reveal who has the skills to adapt and who feels stuck reacting.  Thatâ€™s why this moment isnâ€™t really,"Big shifts donâ€™t just change the economy... they reveal who has the skills to adapt and who feels stuck reacting.

Thatâ€™s why this moment isnâ€™t really about the market. Itâ€™s about *clarity*. 
Knowing what to focus on, what actually moves the needle AND building skills that donâ€™t disappear when trends change.

Inside Dream Business Bootcamp we work on things like:
âœ¨ Getting crystal clear on what matters most in your business
âœ¨ Simplifying the chaos so youâ€™re not working hard on the wrong things
âœ¨ Creating offers people genuinely want
âœ¨ Learning modern marketing that feels honest (not hypeyğŸ™…â€â™€ï¸)
âœ¨ Making confident decisions, even in uncertain times ğŸ’ªğŸ»
These are skills that compound. They pay you back again and again, no matter whatâ€™s happening in the world.

If youâ€™re ready to stop reacting and start shaping what comes next click the link https://lnkd.in/gWyZyT2c ğŸ’›",https://www.linkedin.com/posts/marieforleo_big-shifts-dont-just-change-the-economy-activity-7427365972325502978-LD73?utm_source=combined_share_message&utm_medium=member_desktop&rcm=ACoAADWuLVEBI99rxrHle4hYELPY12Zi8VCwl_0
92,Marie Forleo,0.5,25,5,31,Teacher,Women in Leadership,Thought Leadership,Observation -> Question,Creatine might be the #1 supplement women arenâ€™t takingâ€¦ but absolutely should. ğŸ‘€,Creatine might be the #1 supplement women arenâ€™t takingâ€¦ but absolutely should. ğŸ‘€  More strength. ğŸ’ªğŸ» Better recovery.â¤ï¸â€ğŸ©¹ Improved mood + cognition.ğŸ§  ,"Creatine might be the #1 supplement women arenâ€™t takingâ€¦ but absolutely should. ğŸ‘€

More strength. ğŸ’ªğŸ» Better recovery.â¤ï¸â€ğŸ©¹ Improved mood + cognition.ğŸ§  Even skin benefits. ğŸ‘ğŸ»

Do you take it? Or are you curious about trying it? ğŸ‘‡ğŸ»",https://www.linkedin.com/posts/marieforleo_creatine-might-be-the-1-supplement-women-activity-7401998844433252352-RV4Z?utm_source=combined_share_message&utm_medium=member_desktop&rcm=ACoAAFjBloEBCoRBULr0MiXfwMUhIt-tIPpF5F8
93,Marie Forleo,0.5,22,7,29,Fortune Teller,Leadership,Milestone Announcement,Hook -> List -> Insight,"If your brain is saying, â€œNowâ€™s not the right timeâ€¦â€ ğŸ˜… Remember this story.ğŸ‘†ğŸ»ğŸ‘†ğŸ»","If your brain is saying, â€œNowâ€™s not the right timeâ€¦â€ ğŸ˜… Remember this story.ğŸ‘†ğŸ»ğŸ‘†ğŸ»  Progress isnâ€™t about perfect timing. Itâ€™s about taking the first step","If your brain is saying, â€œNowâ€™s not the right timeâ€¦â€ ğŸ˜… Remember this story.ğŸ‘†ğŸ»ğŸ‘†ğŸ»

Progress isnâ€™t about perfect timing.
Itâ€™s about taking the first step.

If youâ€™re thinking about joining us for B-School, get in now before the doors close 2/20. Click here to get started ğŸ‘‰ğŸ» https://lnkd.in/gWyZyT2c",https://www.linkedin.com/posts/marieforleo_if-your-brain-is-saying-nows-not-the-right-activity-7427818954414514176-eGLc?utm_source=combined_share_message&utm_medium=member_desktop&rcm=ACoAADWuLVEBI99rxrHle4hYELPY12Zi8VCwl_0
94,Marie Forleo,0.5,24,4,29,Teacher,Entrepreneurship,Direct Advice,Hook -> Insight -> Close,Your life and business should make you feel HYPED âš¡ï¸ğŸ™Œ,Your life and business should make you feel HYPED âš¡ï¸ğŸ™Œ  Itâ€™s time to step off the sidelines and declare ğŸ—£ â€œThis is MY moment.â€  Donâ€™t let another round,"Your life and business should make you feel HYPED âš¡ï¸ğŸ™Œ

Itâ€™s time to step off the sidelines and declare ğŸ—£ â€œThis is MY moment.â€

Donâ€™t let another round of B-School slip past you. Because that dream in your ğŸ’—heart? Itâ€™s there because you already have what it takes to bring it to life.

Let me be your âœ¨hype-woman business coachâœ¨ and walk you through the roadmap thatâ€™s helped 80,000+ entrepreneurs across 650+ fields.

Say YES to you.
YES to your dreams.
YES to your life.

Click the link to get started ğŸ‘‰ğŸ» https://lnkd.in/gWyZyT2c",https://www.linkedin.com/posts/marieforleo_your-life-and-business-should-make-you-feel-activity-7427781059255291904-8Ker?utm_source=combined_share_message&utm_medium=member_desktop&rcm=ACoAADWuLVEBI99rxrHle4hYELPY12Zi8VCwl_0
95,Marie Forleo,0.4,20,7,28,Teacher,Motherhood / Family,Direct Advice,Hook -> Insight -> Close,You are a precious soul. ğŸ«¶ğŸ» And everything you want to createâ€¦ happens one small step at a time. ğŸ™ŒğŸ»,"You are a precious soul. ğŸ«¶ğŸ» And everything you want to createâ€¦ happens one small step at a time. ğŸ™ŒğŸ»  Despite what the internet says, â€œbreakthrough mom","You are a precious soul. ğŸ«¶ğŸ» And everything you want to createâ€¦ happens one small step at a time. ğŸ™ŒğŸ»

Despite what the internet says, â€œbreakthrough momentsâ€ are mostly a myth.
Real change comes from the little step you take every day.

Big dreams donâ€™t require a perfect moment.
They ask for one brave step right now.

And if building (or growing) a purpose-driven business is on your heart, this is your sign ğŸ‘€ğŸ‘‡
Dream Business Bootcamp starts next week! Itâ€™s a FREE 3-day training where Iâ€™ll help you get clarity, confidence, and a simple, step-by-step plan to build a profitable business you love in 2026 ğŸ™Œ

Click the link to join https://lnkd.in/g9Z9sUG7",https://www.linkedin.com/posts/marieforleo_you-are-a-precious-soul-and-everything-activity-7425553898515484672--pU6?utm_source=combined_share_message&utm_medium=member_desktop&rcm=ACoAAFUQ1rMBnKlItCJqYGL9C_CMNFJq6uTG0hc
96,Marie Forleo,0.3,15,6,21,Contrarian,Leadership,Challenging Convention,Hook -> Punch Line,Hereâ€™s the truth most people miss:,Hereâ€™s the truth most people miss:  Differentiation isnâ€™t about being louder. Itâ€™s about being clearer.  What you stand for. What you believe. How you,"Hereâ€™s the truth most people miss: 
Differentiation isnâ€™t about being louder.
Itâ€™s about being clearer.

What you stand for.
What you believe.
How your business shows up in the world. ğŸ’–ğŸŒ

Thatâ€™s the part no one else can copy and the part that actually makes business FUN. ğŸ¥³",https://www.linkedin.com/posts/marieforleo_heres-the-truth-most-people-miss-differentiation-activity-7424882108260626433-tQyi?utm_source=combined_share_message&utm_medium=member_desktop&rcm=ACoAADN3fVEB0WfoQ4ScbbnifJnnp6T1Y60M4FY
97,Marie Forleo,0.3,17,4,21,Teacher,Leadership,Thought Leadership,Observation -> Question,"@peterdiamandis on peptides and muscle, growth, and repair.ğŸ§¬","@peterdiamandis on peptides and muscle, growth, and repair.ğŸ§¬  Thoughts? Comment below ğŸ‘‡ğŸ¼","@peterdiamandis on peptides and muscle, growth, and repair.ğŸ§¬

Thoughts? Comment below ğŸ‘‡ğŸ¼",https://www.linkedin.com/posts/marieforleo_peterdiamandis-on-peptides-and-muscle-growth-activity-7421567780954685440-CXQ5?utm_source=combined_share_message&utm_medium=member_desktop&rcm=ACoAAD5xb0cBcXcywU3CieSEYi_FFKJPpkOt-DU
98,Marie Forleo,0.3,17,3,20,Teacher,Personal Development,Thought Leadership,Hook -> Insight -> Close,The economy will keep shifting. That partâ€™s out of your control.,The economy will keep shifting. That partâ€™s out of your control.  What *is* in your control? The skills you build. The strategy you learn. The confide,"The economy will keep shifting. That partâ€™s out of your control.

What *is* in your control?
The skills you build.
The strategy you learn.
The confidence you develop to adapt â€” no matter what changes next. âœ¨

Thatâ€™s exactly why I created B-School.
Itâ€™s not about chasing trends or panicking over headlines.

Itâ€™s about learning how to build a business that moves with YOU â€” through change, uncertainty, and opportunity.

P.S. If you want details on joining the next round of B-School, click the link https://lnkd.in/gWyZyT2c",https://www.linkedin.com/posts/marieforleo_the-economy-will-keep-shifting-that-part-activity-7430265085387968512-DK7l?utm_source=combined_share_message&utm_medium=member_desktop&rcm=ACoAADYTW2ABrkqUW6gvZEMoz2OzOvvdx6Gq6bg
99,Marie Forleo,0.3,14,2,16,Contrarian,Motherhood / Family,Challenging Convention,Hook -> Insight -> Close,2026 is the year you stop guessing and start building a business that actually works. ğŸ’¥,2026 is the year you stop guessing and start building a business that actually works. ğŸ’¥  Iâ€™m hosting Dream Business Bootcamp next week!  âœ¨3 daysâœ¨ of l,"2026 is the year you stop guessing and start building a business that actually works. ğŸ’¥

Iâ€™m hosting Dream Business Bootcamp next week!

âœ¨3 daysâœ¨ of live training with me to help you get crystal clear, take aligned action, and build momentum fast.

Youâ€™ll walk away knowing exactly:
âœ”ï¸ What to focus on
âœ”ï¸ What to stop doing
âœ”ï¸ AND what to do next to move your dream forward

No fluff. No overwhelm.
Just real clarity and real progress. ğŸ’ªğŸ»

â¡ï¸ Click here to join https://lnkd.in/g9Z9sUG7",https://www.linkedin.com/posts/marieforleo_2026-is-the-year-you-stop-guessing-and-start-activity-7424519818457845760-0J-X?utm_source=combined_share_message&utm_medium=member_desktop&rcm=ACoAADN3fVEB0WfoQ4ScbbnifJnnp6T1Y60M4FY
100,Marie Forleo,0.2,9,4,13,Teacher,Motherhood / Family,Thought Leadership,Hook -> Insight -> Close,"Lately, Iâ€™ve been hearing the same thing over and over again.","Lately, Iâ€™ve been hearing the same thing over and over again.  â€œI donâ€™t hate what I builtâ€¦but it doesnâ€™t fit the way it used to.â€  Thatâ€™s a strange pl","Lately, Iâ€™ve been hearing the same thing over and over again.

â€œI donâ€™t hate what I builtâ€¦but it doesnâ€™t fit the way it used to.â€

Thatâ€™s a strange place to stand. Because from the outside? Everything can look successful. Stable. â€œWorking.â€ But insideâ€¦ somethingâ€™s shifting.

Hereâ€™s what I know: Outgrowing something isnâ€™t a failure. Itâ€™s growth. And growth almost always feels messy before it feels clear. ğŸª´

You donâ€™t have to blow up your whole life. You donâ€™t need a dramatic reinvention. Sometimes you just need structure while you evolve. Support while you experiment. A smart way to test whatâ€™s next.

Thatâ€™s one of the reasons I built B-School the way I did. Not just for the first idea.
But for every pivot after that.

If youâ€™re in a season of repotting ğŸŒ¿ and you want to see if B-School could support your next chapter. Click the link to learn more https://lnkd.in/gWyZyT2c 

xo, M",https://www.linkedin.com/posts/marieforleo_learn-about-register-for-b-school-marie-activity-7429509972415107072-Zpq7?utm_source=combined_share_message&utm_medium=member_desktop&rcm=ACoAADWuLVEBI99rxrHle4hYELPY12Zi8VCwl_0
