full_text,likes,comments,shares,total_engagement,outlier_score,hook_type,topic,angle,structure,visual_format,first_line,hook_150,hook,url,date,_source,rank,followers,author_avg,source
"Software engineering is probably 80% writing. 

And I'm not talking about code:
- Jira Tickets
- Designs docs
- Presentations
- Emails & slack
- Documentation
- Internal and external blog posts, etc.

You may not realize it, but you try to program humans more than machines.",2101.0,101.0,2,2250.0,10.06,Teacher,AI/ML/Coding Tools,Data/Numbers,List Post,Text-only,Software engineering is probably 80% writing.,"Software engineering is probably 80% writing. 

And I'm not talking about code:
- Jira Tickets
- Designs docs
- Presentations
- Emails & slack
- Docum","Software engineering is probably 80% writing. 

And I'm not talking about code:
- Jira Tickets
- Designs docs
- Presentations
- Emails & slack
- Docum",https://www.linkedin.com/posts/louiebacaj_software-engineering-is-probably-80-writing-activity-6938113059970330624-og6q?utm_source=combined_share_message&utm_medium=member_desktop&rcm=ACoAAAN2D0kBTnok6JU3nue20UZL5dEenEX26zk,2022-06-02T13:04:17.404Z,central_outliers_db,11.0,0.0,208.8,alexis_engineering_tech
"Engineers love the latest & greatest tech.

But the majority of software development is:

- gluing together APIs
- refactoring shitty code
- fixing other people's bugs

Youâ€™ll struggle to get to the exciting stuff if you canâ€™t put up with a little bit of the boring.",2016.0,80.0,37,2133.0,9.66,Teacher,System Design,Contrast/But,List Post,Text-only,Engineers love the latest & greatest tech.,"Engineers love the latest & greatest tech.

But the majority of software development is:

- gluing together APIs
- refactoring shitty code
- fixing ot","Engineers love the latest & greatest tech.

But the majority of software development is:

- gluing together APIs
- refactoring shitty code
- fixing ot",https://www.linkedin.com/posts/louiebacaj_engineers-love-the-latest-greatest-tech-activity-6938833510753267713-mtkJ?utm_source=combined_share_message&utm_medium=member_desktop&rcm=ACoAAAN2D0kBTnok6JU3nue20UZL5dEenEX26zk,2022-06-04T12:47:06.256Z,central_outliers_db,13.0,0.0,208.8,alexis_engineering_tech
"When Software Engineers from your teams leave and join companies like Google, FB, Apple, or a fast-growing Startup, or even start their own thing, you should be proud of that.

Of course, it sucks to lose someone good, but people will move around anyway. At least that means you did many things right. 

It means you hired right and the amount of growth people got after they joined you was high.

Who wouldn't be proud of that?

That's a badge of honor you can carry: 
""Our alumni go to great places""

It beats: 
""Our alumni end up in much crappier places than us""",1647.0,30.0,14,1691.0,7.89,Teacher,Engineering Career,Framework/How-To,Observation/Opinion,Text-only,"When Software Engineers from your teams leave and join companies like Google, FB, Apple, or a fast-g","When Software Engineers from your teams leave and join companies like Google, FB, Apple, or a fast-growing Startup, or even start their own thing, you","When Software Engineers from your teams leave and join companies like Google, FB, Apple, or a fast-growing Startup, or even start their own thing, you",https://www.linkedin.com/posts/louiebacaj_when-software-engineers-from-your-teams-leave-activity-6950464184589447168-Czx4?utm_source=combined_share_message&utm_medium=member_desktop&rcm=ACoAAFr8XNYB5fNAb5hRWVE1PENOUgV84AWyCfw,2022-07-06T15:03:14.986Z,central_outliers_db,15.0,0.0,208.8,alexis_engineering_tech
"No one tells you this when you first become a manager.

But one of your most important jobs is to make sure thereâ€™s a path for people to move up.

Fight hard to make sure there is a path for people to move up. Not in some theoretical way, but literal room for them to grow.

If you donâ€™t fight tooth and nail for this, you will watch all of your best people leave.",763.0,22.0,19,804.0,3.65,Fortune Teller,Engineering Career,Contrast/But,Observation/Opinion,Text-only,No one tells you this when you first become a manager.,"No one tells you this when you first become a manager.

But one of your most important jobs is to make sure thereâ€™s a path for people to move up.

Fig","No one tells you this when you first become a manager.

But one of your most important jobs is to make sure thereâ€™s a path for people to move up.

Fig",https://www.linkedin.com/posts/louiebacaj_no-one-tells-you-this-when-you-first-become-activity-6966025745647214592--Iy3?utm_source=combined_share_message&utm_medium=member_desktop&rcm=ACoAADxYOckBu8T6EbKOBQFR0iEwlOaiwHUAksU,2022-08-18T13:39:20.262Z,idea_legos_alexis,19.0,0.0,208.8,
"Great engineering leaders understand that:

100% code coverage doesn't mean anything.

Story points complete mean nothing. 

Velocity does not indicate anything.

Great software engineering leaders focus their teams on what matters: creating value for customers and other humans.",704.0,61.0,15,780.0,3.37,Fortune Teller,Engineering Leadership,Data/Numbers,Short Punch,Text-only,Great engineering leaders understand that:,"Great engineering leaders understand that:

100% code coverage doesn't mean anything.

Story points complete mean nothing. 

Velocity does not indicat","Great engineering leaders understand that:

100% code coverage doesn't mean anything.

Story points complete mean nothing. 

Velocity does not indicat",https://www.linkedin.com/posts/louiebacaj_great-engineering-leaders-understand-that-activity-6944994550268518400-c0Qf?utm_source=combined_share_message&utm_medium=member_desktop&rcm=ACoAAD30W0IB23cOrr5FXrEYBnmoxsaIyrAoPbY,2022-06-21T12:48:52.543Z,idea_legos_alexis,24.0,0.0,208.8,
"Always bet on:

- those who struggled
- those hungry for a way up
- Immigrants seeking a better life
- those trying to better themselves

Always bet on those thatâ€™ve been through real difficult things.

Most of â€˜em know what itâ€™s like to have nothing.

Theyâ€™ll work hard and do what it takes.",561.0,21.0,11,593.0,2.69,Teacher,Software Engineering,Framework/How-To,List Post,Text-only,Always bet on:,"Always bet on:

- those who struggled
- those hungry for a way up
- Immigrants seeking a better life
- those trying to better themselves

Always bet o","Always bet on:

- those who struggled
- those hungry for a way up
- Immigrants seeking a better life
- those trying to better themselves

Always bet o",https://www.linkedin.com/posts/louiebacaj_always-bet-on-those-who-struggled-those-activity-6938464474127360000-YXwJ?utm_source=combined_share_message&utm_medium=member_desktop&rcm=ACoAAAN2D0kBTnok6JU3nue20UZL5dEenEX26zk,2022-06-03T12:20:41.068Z,idea_legos_alexis,44.0,0.0,208.8,
"As an Engineer, Empathy will do more for your career than beautiful code.

Put yourself in others' shoes.

Our industry is scarce on people who really listen to others, who are generous and understanding.

An abundance of empathy will lead you to an abundant career.",453.0,19.0,12,484.0,2.17,Teacher,Engineering Career,Framework/How-To,Short Punch,Text-only,"As an Engineer, Empathy will do more for your career than beautiful code.","As an Engineer, Empathy will do more for your career than beautiful code.

Put yourself in others' shoes.

Our industry is scarce on people who really","As an Engineer, Empathy will do more for your career than beautiful code.

Put yourself in others' shoes.

Our industry is scarce on people who really",https://www.linkedin.com/posts/louiebacaj_as-an-engineer-empathy-will-do-more-for-activity-6939207637041385472-n5Lk?utm_source=combined_share_message&utm_medium=member_desktop&rcm=ACoAAAN2D0kBTnok6JU3nue20UZL5dEenEX26zk,2022-06-05T13:33:44.914Z,idea_legos_alexis,70.0,0.0,208.8,
"I used to explain to C-Level execs: 

Software built by competent engineering teams actually benefits from disorder and chaos.

To these teams, bugs can be good.

When a bug is found, they not only fix the bug in question but make it so that entire class of bugs never occur again.

Competent engineering teams build antifragile systems.

Systems that actually improve from defects.

Incompetent teams suffer from the same types of bugs over and over.",419.0,16.0,16,451.0,2.01,Contrarian,Engineering Leadership,Personal Experience,Observation/Opinion,Text-only,I used to explain to C-Level execs:,"I used to explain to C-Level execs: 

Software built by competent engineering teams actually benefits from disorder and chaos.

To these teams, bugs c","I used to explain to C-Level execs: 

Software built by competent engineering teams actually benefits from disorder and chaos.

To these teams, bugs c",https://www.linkedin.com/posts/louiebacaj_i-used-to-explain-to-c-level-execs-software-activity-6949039997526163456-7-lz?utm_source=combined_share_message&utm_medium=member_desktop&rcm=ACoAAFr8XNYB5fNAb5hRWVE1PENOUgV84AWyCfw,2022-07-02T16:44:02.330Z,idea_legos_alexis,81.0,0.0,208.8,
"An interesting things about software engineers is that in a single career one could work in 4, 5, or more different domains.

In my career alone I build software for supply chain logistics, finance, eCommerce, Marketing & AdTech, Pharmacy, etc.

In a single career a wide awake software engineer could learn how business works, how the economy works, bring lessons from one domain to help them in another.

Very few other fields have access to this much cross-domain expertise. Access to experts to teach them the domain.

But some software engineers throw this advantage away by simply not caring at all about the business they are building for.

Donâ€™t be one of those engineers. 

Build up that asset stack of cross-domain knowledge, over a long career itâ€™ll be more helpful to you than you can imagine.",319.0,21.0,9,349.0,1.53,Magician,Engineering Career,Industry Observation,Observation/Opinion,Text-only,"An interesting things about software engineers is that in a single career one could work in 4, 5, or","An interesting things about software engineers is that in a single career one could work in 4, 5, or more different domains.

In my career alone I bui","An interesting things about software engineers is that in a single career one could work in 4, 5, or more different domains.

In my career alone I bui",https://www.linkedin.com/posts/louiebacaj_an-interesting-things-about-software-engineers-activity-7204855572599336963-qcLQ?utm_source=combined_share_message&utm_medium=member_desktop&rcm=ACoAAE0B4ksBsfe1athTetp5PvIHfXIajcjPH_c,2024-06-07T14:43:48.251Z,idea_legos_alexis,123.0,0.0,208.8,
"The smarter you are, the more likely you are to overthink what can go wrong.

You have to create a circuit breaker for overthinking. 

The world is far too complicated; overthinking will never get the best results. Only action will.",282.0,14.0,3,299.0,1.35,Contrarian,Software Engineering,Against Common Wisdom,Short Punch,Text-only,"The smarter you are, the more likely you are to overthink what can go wrong.","The smarter you are, the more likely you are to overthink what can go wrong.

You have to create a circuit breaker for overthinking. 

The world is fa","The smarter you are, the more likely you are to overthink what can go wrong.

You have to create a circuit breaker for overthinking. 

The world is fa",https://www.linkedin.com/posts/louiebacaj_the-smarter-you-are-the-more-likely-you-activity-6937120396022358016-sxOt?utm_source=combined_share_message&utm_medium=member_desktop&rcm=ACoAAAN2D0kBTnok6JU3nue20UZL5dEenEX26zk,2022-05-30T19:19:47.876Z,idea_legos_alexis,150.0,0.0,208.8,
"Almost every software engineer would benefit immensely from getting a little better at sales. Even if they have no aspirations of starting their own thing.

And yet, most will never do it. Itâ€™s too hard or because they dislike the tactics. 

If youâ€™re willing to improve at this, even a little, youâ€™ll have a big career advantage.",221.0,36.0,2,259.0,1.06,Teacher,Engineering Career,Framework/How-To,Observation/Opinion,Text-only,Almost every software engineer would benefit immensely from getting a little better at sales. Even i,Almost every software engineer would benefit immensely from getting a little better at sales. Even if they have no aspirations of starting their own t,Almost every software engineer would benefit immensely from getting a little better at sales. Even if they have no aspirations of starting their own t,https://www.linkedin.com/posts/louiebacaj_almost-every-software-engineer-would-benefit-activity-7128075560005550080-1A2E?utm_source=combined_share_message&utm_medium=member_desktop&rcm=ACoAAE0B4ksBsfe1athTetp5PvIHfXIajcjPH_c,2023-11-08T17:47:26.745Z,idea_legos_alexis,206.0,0.0,208.8,
"The way engineers communicate, especially with non-technical people, is a solid predictor of career success.

Being understood across domains & up the chain means knowing when to use:

- plain & simple language
- less or more technical detail

Invest in this.",212.0,23.0,4,239.0,1.02,Teacher,Engineering Career,Framework/How-To,Short Punch,Text-only,"The way engineers communicate, especially with non-technical people, is a solid predictor of career ","The way engineers communicate, especially with non-technical people, is a solid predictor of career success.

Being understood across domains & up the","The way engineers communicate, especially with non-technical people, is a solid predictor of career success.

Being understood across domains & up the",https://www.linkedin.com/posts/louiebacaj_the-way-engineers-communicate-especially-activity-6939566395361808384-u0Av?utm_source=combined_share_message&utm_medium=member_desktop&rcm=ACoAAAN2D0kBTnok6JU3nue20UZL5dEenEX26zk,2022-06-06T13:19:19.563Z,idea_legos_alexis,220.0,0.0,208.8,
"Unpopular Opinion: the best HR people I ever worked with as a leader were worried about people first, not company first.

It turns out that being worried about people first is, in fact, the best thing for the company too.

In my experience, given a long enough time horizon, this holds with few exceptions.",212.0,7.0,2,221.0,1.02,Contrarian,Engineering Leadership,Personal Experience,Observation/Opinion,Text-only,Unpopular Opinion: the best HR people I ever worked with as a leader were worried about people first,"Unpopular Opinion: the best HR people I ever worked with as a leader were worried about people first, not company first.

It turns out that being worr","Unpopular Opinion: the best HR people I ever worked with as a leader were worried about people first, not company first.

It turns out that being worr",https://www.linkedin.com/posts/louiebacaj_unpopular-opinion-the-best-hr-people-i-ever-activity-6954548144927879168-vfBw?utm_source=combined_share_message&utm_medium=member_desktop&rcm=ACoAADs6jaABL787bQYRhLjcBo2NCXWQ0-9LROE,2022-07-17T21:31:27.007Z,idea_legos_alexis,219.0,0.0,208.8,
"During a particularly stressful point in my life, I failed a few tech interviews back to back. 

Earlier in my career, I was so stressed, tight on money, and we had a baby on the way.

Now looking back, I am grateful for those No's; the path I ended up on was better in every way than the companies that told me no.",197.0,10.0,0,207.0,0.94,Teacher,Engineering Career,Framework/How-To,Observation/Opinion,Text-only,"During a particularly stressful point in my life, I failed a few tech interviews back to back.","During a particularly stressful point in my life, I failed a few tech interviews back to back. 

Earlier in my career, I was so stressed, tight on mon","During a particularly stressful point in my life, I failed a few tech interviews back to back. 

Earlier in my career, I was so stressed, tight on mon",https://www.linkedin.com/posts/louiebacaj_during-a-particularly-stressful-point-in-activity-6937389762286682112-C5Tl?utm_source=combined_share_message&utm_medium=member_desktop&rcm=ACoAAAN2D0kBTnok6JU3nue20UZL5dEenEX26zk,2022-05-31T13:10:09.798Z,idea_legos_alexis,288.0,0.0,208.8,
"A Mother's Plea: Seeking AlphaFold Experts for a Rare Cancer Mission

This is the most important post I'll ever write. My son is turning 21 tomorrow, August 23rd. For the last 2.5 years, he has been bravely battling Alveolar Soft Part Sarcoma (ASPS), a rare and under-researched cancer.

ASPS is driven by a specific gene fusion protein (ASPSCR1-TFE3). This protein is the engine of his cancer, yet we lack a detailed understanding of its structure. This is where we see a path for hope, and where I desperately need your help.

We are searching for brilliant mindsâ€”individuals, researchers, or institutionsâ€”with expertise in using AlphaFold to create a 3D model of this specific fusion protein. Creating this structural ""blueprint"" is not just an academic exercise; it's a critical step that could allow us to identify this protein's vulnerabilities. The ultimate goal is to find existing, approved drugs that could be repurposed to ""fit"" and disable this engine, opening up new, out-of-the-box treatment strategies.

The power of the LinkedIn community is immense. A simple share could connect this plea to the one person or lab in the world that can help us move the needle in the fight against this rare disease.

My birthday wish for my son is hope, powered by action. Please, not only share this post but also ask your network to share it. You never know whose screen it might cross.

Thank you for your time and support.

#ASPS #AlveolarSoftPartSarcoma #RareCancer #CancerResearch #AlphaFold #DrugRepurposing #Sarcoma #Bioinformatics #ComputationalBiology #StructuralBiology #MedicalResearch #GoogleDeepMind #IsomorphicLab #GoogleAICoScientist
Please message me for any additional information vlivadhi@yahoo.com",94.0,26.0,59,,,Teacher,Marketing/Content,Data/Numbers,Statement â†’ Commentary,Text-only,A Mother's Plea: Seeking AlphaFold Experts for a Rare Cancer Mission,"A Mother's Plea: Seeking AlphaFold Experts for a Rare Cancer Mission

This is the most important post I'll ever write. My son is turning 21 tomorrow,",,,,dataset_alexis_dataset,,,,
"Yesterday we ran our first Act Two pre-program workshop. Louie Bacaj led a private vibe coding workshop co-organized by Abhilasha Krishnan for the SHEmantra community. 

Louie walked the attendees through an eight-step process to build a working habit tracker app using Claude Code. Abhilasha got hers working, asked the AI to make it â€œfancierâ€ (which it did â€“ adding colors, streaks, quotes, and sound effects), and then deployed it live to the internet using CloudFlare. 

Weâ€™ll be running two public-facing â€œApp in an Hourâ€ workshops next week â€“ Tuesday (7pm ET) and Thursday (1pm ET). Learn more + register using the links in the first comment. 

If you've been wanting to try out vibe coding for yourself, but haven't been sure where to start, these sessions are built for you.",29.0,4.0,2,,,Teacher,Engineering/Technical,Insight/Observation,Statement â†’ Commentary,Text-only,Yesterday we ran our first Act Two pre-program workshop. Louie Bacaj led a private vibe coding workshop co-organized by Abhilasha Krishnan for the SHE,Yesterday we ran our first Act Two pre-program workshop. Louie Bacaj led a private vibe coding workshop co-organized by Abhilasha Krishnan for the SHE,,,,dataset_alexis_dataset,,,,
"A Big Announcement for our community of followers & long-time listeners of the show, after a lot of discussion, we've decided to hit a pause on the podcast.

But, there is some awesome news: All of Season 2â€™s paid episodes (that were behind a paywall on Substack) and the final 4 episodes of Season 3 are now FREE on YouTube, Spotify, Apple Podcasts and all major platforms! Enjoy it!

I'm super grateful for all the people I met along the way because of the show, for the amazing feedback we got and for the incredible partnership and friendship I developed with my co-hosts Keyur Hindocha, Louie Bacaj, Vic Vijayakumar & Mitra Raman. It was an amazing run!",62.0,4.0,1,,,Teacher,General,Insight/Observation,Statement â†’ Commentary,Text-only,"A Big Announcement for our community of followers & long-time listeners of the show, after a lot of discussion, we've decided to hit a pause on the po","A Big Announcement for our community of followers & long-time listeners of the show, after a lot of discussion, we've decided to hit a pause on the po",,,,dataset_alexis_dataset,,,,
"Fresh out of the press! New episode of Tech Lead Journal Podcast where I talked in details about Staff+ Expectations & Patterns of Growth I've seen as a Director.

If you enjoy content about career, technical leadership and career track's history, this one is packed!",130.0,6.0,2,,,Teacher,Leadership/Management,Insight/Observation,Setup â†’ Punchline,Text-only,Fresh out of the press! New episode of Tech Lead Journal Podcast where I talked in details about Staff+ Expectations & Patterns of Growth I've seen as,Fresh out of the press! New episode of Tech Lead Journal Podcast where I talked in details about Staff+ Expectations & Patterns of Growth I've seen as,,,,dataset_alexis_dataset,,,,
"If you are hiring right now, do yourself a favour and read this piece by Jack Webb who interviewed Louie Bacaj for his thoughts, on what he looks for when in an interview. 

Thank you for yourhonesty, as thats what is sometimes missing from the process. 

P.S Jack is a Software Developer who is documenting his own journey to help SWEs and Devs progress in their career {his substack is worth subscribing too} 

Â #HiringTips #JacksSubStack #InterviewApproach",6.0,0.0,2,,,Teacher,Leadership/Management,Personal Experience,Contrast Format,Text-only,"If you are hiring right now, do yourself a favour and read this piece by Jack Webb who interviewed Louie Bacaj for his thoughts, on what he looks for ","If you are hiring right now, do yourself a favour and read this piece by Jack Webb who interviewed Louie Bacaj for his thoughts, on what he looks for",,,,dataset_alexis_dataset,,,,
"New Episode Alert! ğŸ™ï¸

Episode 9 of the ""Sip & Scale"" podcast is now live! Join me as I chat with Louie Bacaj  former senior director of engineering at Walmart, about his inspiring journey from corporate life to successful entrepreneurship. ğŸš€

What to Expect:

ğŸ‘‰ Transitioning from a corporate job to entrepreneurship.
ğŸ‘‰ Making small bets and diversifying income streams for risk reduction.
ğŸ‘‰ Building a loyal audience through valuable content and authentic connections.
ğŸ‘‰ The power of word-of-mouth growth and building relationships.
ğŸ‘‰ Consistency and authenticity in building an online presence.
ğŸ‘‰ Giving away valuable information to build trust and drive growth.

ğŸ§ Watch/listen now! Links in the comments. ğŸ‘‡

#Entrepreneurship #BusinessGrowth #SipAndScale",18.0,1.0,1,,,Teacher,Engineering/Technical,Insight/Observation,Statement â†’ Commentary,Text-only,New Episode Alert! ğŸ™ï¸,"New Episode Alert! ğŸ™ï¸

Episode 9 of the ""Sip & Scale"" podcast is now live! Join me as I chat with Louie Bacaj  former senior director of engineering a",,,,dataset_alexis_dataset,,,,
"Go Louie Bacaj! Definitely one of the best courses on How to grow as an Engineer out there. Strongly recommend!!!

If you want to see a sneak peek of that before buying, check it out our podcast Engineering Advice You Didn't Ask For on youtube.",9.0,0.0,1,,,Teacher,Engineering/Technical,Insight/Observation,Setup â†’ Punchline,Text-only,Go Louie Bacaj! Definitely one of the best courses on How to grow as an Engineer out there. Strongly recommend!!!,"Go Louie Bacaj! Definitely one of the best courses on How to grow as an Engineer out there. Strongly recommend!!!

If you want to see a sneak peek of",,,,dataset_alexis_dataset,,,,
"Most advice you read is timely: tips for a specific time or technology.

But there's tremendous value in advice that doesn't go out of style. It's broadly applicable across any programming language or person you're working with. 

That's exactly what Louie Bacaj did with his course 'Timeless Career Advice for Software Engineers.' 

Louie was the youngest Senior Director in Walmart history, earning 6 promotions in 4 years. In 1.5 hours of candid conversation, he shares his promotion formula, approach to 1:1s, and more. 

Watch the course to learn the things your manager wants to tell you, but can't: https://lnkd.in/g4gwmktg",60.0,5.0,2,,,Teacher,Leadership/Management,Insight/Observation,Statement â†’ Commentary,Text-only,Most advice you read is timely: tips for a specific time or technology.,"Most advice you read is timely: tips for a specific time or technology.

But there's tremendous value in advice that doesn't go out of style. It's bro",,,,dataset_alexis_dataset,,,,
"ğŸ”¥ğŸ”¥ğŸ”¥""Even though your job is people, they will still blame you if your system goes down."" Louie Bacaj as precise as always nailing one of the many reasons why Directors and above still need to stay technical.

So real, ğŸ’š!",59.0,2.0,6,,,Teacher,Leadership/Management,Insight/Observation,Setup â†’ Punchline,Text-only,"ğŸ”¥ğŸ”¥ğŸ”¥""Even though your job is people, they will still blame you if your system goes down."" Louie Bacaj as precise as always nailing one of the many reas","ğŸ”¥ğŸ”¥ğŸ”¥""Even though your job is people, they will still blame you if your system goes down."" Louie Bacaj as precise as always nailing one of the many reas",,,,dataset_alexis_dataset,,,,
"Excited to share my latest episode featuring Louie Bacaj, a highly prominent figure on Twitter/X and an inspiring tech leader turned entrepreneur!

Louie shares his fascinating journey from being a developer to senior director and ultimately taking the brave step into entrepreneurship.

Tune in to learn about:Â 
âœ… Tips for rapid career progression and promotion to senior management
âœ… Key insights on successful people management
âœ… Timeless career advice for engineers
âœ… The importance of building side projects and having small bets
âœ… Strategies for successfully transitioning from being an employee to entrepreneurship

Donâ€™t miss out on these invaluable lessons from Louieâ€™s unique and interesting journey.

Listen to the episode and get inspired to supercharge your tech career!

â€”

ğŸ§ Listen now: https://lnkd.in/dNHb5fJR
ğŸ‘‰ğŸ¼ Join 19,100+ following Tech Lead Journal page.


#Leadership #CareerAdvice #Engineering #Entrepreneurship",34.0,2.0,1,,,Teacher,Leadership/Management,Insight/Observation,Listicle/Breakdown,Text-only,"Excited to share my latest episode featuring Louie Bacaj, a highly prominent figure on Twitter/X and an inspiring tech leader turned entrepreneur!","Excited to share my latest episode featuring Louie Bacaj, a highly prominent figure on Twitter/X and an inspiring tech leader turned entrepreneur!

Lo",,,,dataset_alexis_dataset,,,,
"Louie Bacaj is a software engineer and engineering leader who turned entrepreneur. In this episode, Louie shares his unique career journey, timeless career advice for tech professionals, and the importance of taking small bets and learning from the small wins for aspiring entrepreneurs.

Listen Now!
https://lnkd.in/d_8eTJ_r",30.0,3.0,1,,,Teacher,Engineering/Technical,Insight/Observation,Statement â†’ Commentary,Text-only,"Louie Bacaj is a software engineer and engineering leader who turned entrepreneur. In this episode, Louie shares his unique career journey, timeless c","Louie Bacaj is a software engineer and engineering leader who turned entrepreneur. In this episode, Louie shares his unique career journey, timeless c",,,,dataset_alexis_dataset,,,,
"Software engineers shouldn't only grow through years of experience.

Improving this way is too slow and passive. I got promoted to Staff in 3 years by:

- Working with talented peers
- Taking on larger and larger scope projects
- Having incredible managers and mentors
- Focusing on impact over all else

Time only helps so much, optimizing your growth rate and impact are much more important.",404.0,62.0,22,,,Teacher,Engineering/Technical,Personal Experience,Listicle/Breakdown,Text-only,Software engineers shouldn't only grow through years of experience.,"Software engineers shouldn't only grow through years of experience.

Improving this way is too slow and passive. I got promoted to Staff in 3 years by",,,,dataset_alexis_dataset,,,,
"I spent over $1,000 on an online writing course.

Here's why investing in writing is the best professional career move you can makeğŸ‘‡ğŸ½  

1ï¸âƒ£ Writing is the fastest way to build a professional brand

- My water & tech focused newsletter has gone from 0 -> 3,663 subscribers in just over 12 months

- Customers, partners, and connections all appreciate learning about you and your interests outside of what your company does

- Easy way to stay top of mind with people you don't often connect with.

2ï¸âƒ£ You can meet INCREDIBLE people from all over the world, many who become close friends and co-workers

- Writing online gives you 24/7 opportunities to find like minded people in places you may never visit in person. My life would be nowhere near as interesting without fellow writers like Cam, Robbie, Will, Stephen, Amanda, Karena, Florian, Louie, John, and Jim in it.

3ï¸âƒ£ Refining your thinking leads to better business outcomes

- Your ability to clearly and concisely convey messages in writing, especially in a remote world, directly impacts your ability to be successful at work.

- It's always nice to avoid an extra meeting when it can be taken care of in an e-mail or memo.

If you're interested in learning where to start, the team at Write of Passage is putting on a series of free webinars next month that talk about how to start writing online.  

Link in the first comment below!

#writing #career #skilldevelopment #writtencommunication",49.0,12.0,6,,,Magician,Leadership/Management,Personal Experience,Listicle/Breakdown,Text-only,"I spent over $1,000 on an online writing course.","I spent over $1,000 on an online writing course.

Here's why investing in writing is the best professional career move you can makeğŸ‘‡ğŸ½  

1ï¸âƒ£ Writing i",,,,dataset_alexis_dataset,,,,
"Learning from experienced people is the best way to level up as a developer.

And you know what?
 
Many software engineers share knowledge and experience in their newsletter.
 
Here are 8 newsletters that will speed up your growth:

1. The Pragmatic Engineer by Gergely Orosz 
 
Gergely shares every week insights about Big Tech and high-growth startups.
 
Relevant for software engineers, managers, and whoever works in tech.
 
This newsletter is worth the paid subscription for me.

Link: https://buff.ly/3rQNJV5 
 
2. ByteByteGo by Alex Xu

Alex is great at explaining complex software systems in simple terms.
 
His newsletter is a must-read to refresh and learn about system design. 

Link: https://buff.ly/3lKksW9

3. The M&Ms Newsletter by Louie Bacaj

This is an excellent newsletter about entrepreneurship and engineering.
 
I love the way Louie shares his experience and lessons learned.
 
Every week there is food for thought, and his memes are funny. 

Link: https://buff.ly/3O8j1hO 

4. The Developing Dev by Ryan Peterman 

A newsletter that will help you to improve in 5 minutes or less each week.

Ryan is a staff engineer at Instagram and the insights and tips he shares are invaluable.

https://buff.ly/43Ggu4k 

5. Coding Challenges by John Crickett

The best way to learn new concepts or programming languages is spend time building real-world applications.

Every week John writes a hands-on newsletter that will help you build useful software.

Link: https://buff.ly/3Kf5uDT 

6. Craft Better Software by Daniel Moka

This newsletter focuses on Test-Driven Development (TDD) and Extreme Programming (XP).
 
Daniel knows his stuff and shares excellent tips for writing clean code and best practices.

Link: https://buff.ly/3DvbdSn

7. Gradient Ascent by Sairam Sundaresan

Level up in AI and machine learning in a fun way.

Every week Sairam provides resources, and simplified breakdowns of hard to understand topics.

Great to become a good practitioner in AI and ML.

Link: https://buff.ly/3QcdsS8

8. Refactoring by ğŸŒ€ Luca Rossi

A newsletter covering soft skills and technical aspects necessary to be an engineering leader.

The practical ideas, plain speak and infographics make it really useful.

Link: https://buff.ly/3OBjeun 

------------------------------------------------------

Every week I write about algorithms, distributed systems and software engineering.  

If you liked this thread, you can check my newsletter as well.  

Your support encourages me to keep writing! 

https://buff.ly/3mS0EUT",144.0,23.0,6,,,Teacher,Engineering/Technical,Humor/Satire,Listicle/Breakdown,Text-only,Learning from experienced people is the best way to level up as a developer.,"Learning from experienced people is the best way to level up as a developer.

And you know what?
 
Many software engineers share knowledge and experie",,,,dataset_alexis_dataset,,,,
"Have ChatGPTs and other LLM based generative AI models already reached their zenith?

AsÂ Louie BacajÂ says in the screenshot, once sites like StackOverflow go, the quality of the content fed into LLMs goes down.

LLMs will also cannibalise themselves as they begin to feed off more and more LLM generated content.

Additionally, it's likely more sites will block LLMs from harvesting content as they're eating into their business models (as Twitter & Reddit already have).

So it's quite possible LLM output quality has already reached a zenith point (there are reports that OpenAI ChatGPT quality has already gone down, but due to cost saving efforts).

#aiÂ #generativeaiÂ #artificialintelligenceÂ #llmsÂ #largelanguagemodels",45.0,14.0,6,,,Teacher,AI/ML,Insight/Observation,Statement â†’ Commentary,Text-only,Have ChatGPTs and other LLM based generative AI models already reached their zenith?,"Have ChatGPTs and other LLM based generative AI models already reached their zenith?

AsÂ Louie BacajÂ says in the screenshot, once sites like StackOver",,,,dataset_alexis_dataset,,,,
"Missing deadlines is the worst! 
But as Louie Bacaj points out, you have only 3 options, if your team is behind despite full productivity 

#team #productivity 

#oneglancecard",65.0,14.0,2,,,Teacher,Product/Growth,Insight/Observation,Setup â†’ Punchline,Text-only,Missing deadlines is the worst!,"Missing deadlines is the worst! 
But as Louie Bacaj points out, you have only 3 options, if your team is behind despite full productivity 

#team #pro",,,,dataset_alexis_dataset,,,,
"Instead of studying how Bezos made his billions, it's much more useful to learn how someone like you is making $10K/mo.",462.0,28.0,5,,,Magician,General,Insight/Observation,Setup â†’ Punchline,Text-only,"Instead of studying how Bezos made his billions, it's much more useful to learn how someone like you is making $10K/mo.","Instead of studying how Bezos made his billions, it's much more useful to learn how someone like you is making $10K/mo.",,,,dataset_alexis_dataset,,,,
"Cohort 16 of smallbets.co starts next week. Topics: ...


â˜‚ï¸Â Making the unpredictable, predictable:Â Understanding the role of randomness in business. Taming uncertainty when working for yourself. How everything you have learned about succeeding in your career is invalid when randomness plays a big role. And how there's only one viable strategy for dealing with highly random payoffs.

ğŸŒ²Â Acquiring information under uncertainty:Â Probabilistic learning. Learning everything you need to know about a business, without actually knowing anything for certain. Identifying what business ideas are likely to work.Â Why you can succeed without knowing how you're succeeding. And why that's not a problem. 

ğŸ•ï¸Â Bias for survival:Â To thrive, you must first survive. Understanding the difference between survivorship bias and a bias for survival. How to avoid going bust. Learning how to succeed by not failing.

ğŸ†Â Learning from small wins:Â Why small wins teach you a lot more than any failure. Why you should start with the lowest hanging fruit. How to find your own low hanging fruit. And how success brings with it other success.

ğŸ¸Â Recognizing luck:Â Exposing yourself to randomness. Making randomness your friend, not your enemy.Â The cocktail party approach to serendipity.Â Being able to recognize good luck when it happens. And how your best ideas are often the ones you can't even imagine yet.

ğŸ¤©Â Emerging from the unknown:Â How to build credibility on the internet. Going where people already hang out. Free market research.Â Why you should make yourself known. How people prefer doing business with other people they like. And how to be top-of-mind.

ğŸ’°Â Making money:Â How to insert yourself into money-making opportunities. How to persuade others to give you their hard-earned money, and not regret it. Why you should charge less. And why you should monetize your hobbies.

ğŸ¢Â Dealing with variable income:Â Why variable income makes you smarter. How to activate a new part of your brain. Why small stressors breed creativity. How to avoid overworking. And why variable income gives you more peace of mind than stable income.

ğŸ¹Â Lessons from hunter-gatherers:Â How the world you live in is completely different from the world you evolved fitness for. What your ancestors can teach you about life, work, and satisfaction. Why procrastination is a feature, not a bug. And why it would be foolish to ignore your gut feeling, even in the modern world.

â¤ï¸Â True preferences:Â Understanding doseâ€“response relationships, and how they apply to everything you do. Change the dose and frequency of something you like doing, and youâ€™ll almost certainly start disliking it. Why you might be chasing the preferences of others without knowing it. And how to discover yours.

ğŸ–ï¸Â Lifestyle design:Â From a life built around your work, to a work arrangement built around your life. How to incrementally move toward a lifestyle designed to match your true preferences. And how to live a life you're proud of.

---",28.0,6.0,1,,,Teacher,Leadership/Management,Data/Numbers,Statement â†’ Commentary,Text-only,Cohort 16 of smallbets.co starts next week. Topics: ...,"Cohort 16 of smallbets.co starts next week. Topics: ...


â˜‚ï¸Â Making the unpredictable, predictable:Â Understanding the role of randomness in business.",,,,dataset_alexis_dataset,,,,
"If you are a programmer and in the early stages of your career, you owe it to yourself to catch timeless advice for software engineers from @lbacaj here http://ow.ly/gU7t50KmWBO",13.0,2.0,1,,,Magician,Engineering/Technical,Insight/Observation,Setup â†’ Punchline,Text-only,"If you are a programmer and in the early stages of your career, you owe it to yourself to catch timeless advice for software engineers from @lbacaj he","If you are a programmer and in the early stages of your career, you owe it to yourself to catch timeless advice for software engineers from @lbacaj he",,,,dataset_alexis_dataset,,,,
"Social media creates attention monsters. Instead of the most original thoughts, creators pursue the strongest hooks. One startup wants to change that:

How many layoff posts have you seen lately? Remote work copy-paste jobs?

When the incentive is to seek attention and get likes, behavior follows.

But compare social media to podcasts. The incentives are totally different. With a podcast feed, the creator is directly sending content to fans who have subscribed. So, instead, the incentive is for high QUALITY content.

Is it possible to create the same dynamic for writing? This inspired Chris, Hamish & Jairaj (pictured) to found Substack.

Their mission? â€œMake it simple to start a publication that makes money from subscriptions.â€ If they could create a new market of content, by making it economical for writers, they could create a new media.

So far, itâ€™s been working. The last time we got subscriber numbers from Substack, they had over 1M paying subscribers. That was up ~100% from the year prior. At an average cost of $7 per month, and 10% take rate, thatâ€™s a yearly revenue of $8.4M. Not bad for a company <6 years old.

Itâ€™s working out for its content creators, too. The top 10 writers make over $20M a year combined. Lenny Rachitsky shared he makes more on Substack than he did as a PM at Airbnb. Substack is set to be the next Twitch or YouTube, each of which have 10K+ creators living on them.

What product strategy and positioning has allowed Substack to get to this point?

1. Substack offers true independence for writers.

You own your email list. So, you can always walk away. This is totally different from Twitter, LinkedIn & Facebookâ€™s options.

2. Substack focuses on making the experience easy & simple.

Time to publish is super low. Compared to competitor ConvertKit, Substack offers less customization, analytics, and advertising monetization features. It just makes writing super simple.

3. Substack gets the fundamentals, like SEO & deliverability really right.

My 1 year old Substack crushes my Wordpress blog of 10 years on SEO. Others have measured the same for email deliverability vs other providers. Substack is #1 in the 2 most important areas.

Substack can pursue this focused positioning because it is built for one persona:

Â· Not for social media personalities. They might prefer Twitter or LinkedInâ€™s offerings
Â· Not for techies. They might prefer Wordpress or ConvertKit
Â· For writers who wants to focus on writing.

What can we learn from Substackâ€™s phenomenal product growth?

1. You can create wholly new markets, instead of competing in saturated oneâ€™s.
2. Simpler is better, especially if you have a focused persona.
3. Getting the basics really right, instead of just ok, is a great wedge.",165.0,13.0,3,,,Teacher,Product/Growth,Data/Numbers,Listicle/Breakdown,Text-only,"Social media creates attention monsters. Instead of the most original thoughts, creators pursue the strongest hooks. One startup wants to change that:","Social media creates attention monsters. Instead of the most original thoughts, creators pursue the strongest hooks. One startup wants to change that:",,,,dataset_alexis_dataset,,,,
"I recently interviewed at a few different places. At the end of each interview, the interviewer usually asks: â€œdo you have any questions for me?â€

Donâ€™t waste this opportunity with questions that donâ€™t matter, or that you can ask your recruiter.

Here are some questions I like to help me understand team health & company culture:

- How much vacation have you taken this year?
- What is the process when an incident happens on production? While youâ€™re asleep?
- How do you know what to work on next?
- If you learn something really cool, how do you share that with the other engineers?
- What is something youâ€™d change about the company?
- What would cause you to leave the company?
- How messy is engineering? Do you feel empowered to fix the mess?
- Do you deploy code on Fridays?
- What is the managerâ€™s leadership style?
- Are you working on a promotion? How do you stay on track?
- What are some fun facts about your teammates?

You likely wonâ€™t have time for every one of these, so pick and choose what feels right in the moment, and what you need most to know.

Best of luck in your interviews! â¤ï¸",592.0,35.0,16,,,Teacher,Engineering/Technical,Insight/Observation,Listicle/Breakdown,Text-only,"I recently interviewed at a few different places. At the end of each interview, the interviewer usually asks: â€œdo you have any questions for me?â€","I recently interviewed at a few different places. At the end of each interview, the interviewer usually asks: â€œdo you have any questions for me?â€

Don",,,,dataset_alexis_dataset,,,,
"I just finished Louie Bacaj's excellent ""Timeless Career Advice For Software Engineers"" course!

Here are my top 10 takeaways from it:

1. Stick to startups/high-growth or big tech companies for a meaningful tech career

- Startups/high-growth companies to optimize for responsibility/scope
- Big tech companies to optimize for learning engineering best practices and compensation
- Work at companies where software directly ties to revenue (the product is the software itself)

2. Focus on ownership

- Stick to companies where software engineers are empowered to own and maintain their code (even after it's rolled out)
- Develop an ownership mindset - it's not your fault, but it's your responsibility

3. Deliver massive value

- What 20% of work will get you 80% of the results? Focus on that
- Make your code functional first
- Think about performance in B2C companies and maintainability in B2B companies

4. Develop an abundance mindset

- Find problems and opportunities to create more value in your product/system for your customers
- More problems you solve -> More resources for your company -> More rewards for you and your team

5. Build up your people skills

- Double down on relationships at work
- Empathise with your teammates and customers
- Learn to communicate effectively in conversations and meetings

6. Grow your influence through writing and speaking

- Write blog posts about your work - free credibility for you and your company
- Leverage opportunities to speak and present in meetings and presentations
- A public body of work >>> your resume
- Setup team and (eventually) company-wide initiatives. Ex: tech-talks, design reviews

7. Understand how promotions work

- Understand what the company values and deliver it. Different companies value different things
- Add value, make noise (in that order)
- Perform at the next level, and you'll be there soon

8. Leverage the power of 1 on 1 meetings

- Most important meetings of your career
- Take ownership of setting up 1 on 1's with key people - peers, product people, engineers and leaders (even from other teams) 

9. Nail your mid-year and annual reviews

- Take notes about your work and achievements weekly
- Write an excellent review for yourself

10. Master engineering concepts

- Data structures and algorithms
- One functional and one object-oriented language
- Design patterns and system design
- Concurrency and asynchronous programming
- Scalability, reliability and DevOps
- Domain-driven design

Lots more I couldn't cover here! 

Highly recommend checking it out for a holistic guide to a meaningful software engineering career - https://lnkd.in/gu4jWtXk

#careeradvice #softwareengineering #coding",38.0,8.0,2,,,Teacher,Engineering/Technical,Insight/Observation,Listicle/Breakdown,Text-only,"I just finished Louie Bacaj's excellent ""Timeless Career Advice For Software Engineers"" course!","I just finished Louie Bacaj's excellent ""Timeless Career Advice For Software Engineers"" course!

Here are my top 10 takeaways from it:

1. Stick to st",,,,dataset_alexis_dataset,,,,
"Underperforming employee?

Conventional mgr: Fire fast.

Intentional mgr: Diagnose why & adjust tactics.

- Missing skills -> train 
- Lack of ability -> coach 
- New experience -> mentor
- Demoralized -> check boss
- Waning interest -> rotate
- Values mismatch -> exit",812.0,78.0,42,,,Teacher,GTM/Sales,Insight/Observation,Listicle/Breakdown,Text-only,Underperforming employee?,"Underperforming employee?

Conventional mgr: Fire fast.

Intentional mgr: Diagnose why & adjust tactics.

- Missing skills -> train 
- Lack of ability",,,,dataset_alexis_dataset,,,,
"You're the average of the 5 people you surround yourself with.

The same is true for your LinkedIn feed.

Level up with 5 must follows across 5 disciplines:

**CAREER**
Austin Belcak
Maya Grossman
Reno Perry
Tobi Oluwole
Jennifer Widerberg

**MARKETING**
Zain Kahn
Katelyn Bourgoin
Brian Bourque
Amanda Natividad
Joe Portsmouth

**WRITING**
Nathan Baugh
Dickie Bush
Justin Welsh
Louie Bacaj
Aadit Sheth

**ENTREPRENEURSHIP**
Matt Gray
Sieva Kozinsky
Cecilia Retelle Zywicki
Barrett O'Neill
Alex Banks

**LEADERSHIP**
Christine Carrillo
Teddy Mitrosilis
Sibel Terhaar
Harris Fanaroff
Shivani Berry

Who are your 5 can't-miss follows? 

**BONUS**

Follow along at Dave Kline. I write daily about management tactics & leadership lessons learned (and earned) over 20 years.",157.0,126.0,5,,,Teacher,Leadership/Management,Insight/Observation,Statement â†’ Commentary,Text-only,You're the average of the 5 people you surround yourself with.,"You're the average of the 5 people you surround yourself with.

The same is true for your LinkedIn feed.

Level up with 5 must follows across 5 discip",,,,dataset_alexis_dataset,,,,
"A common mistake of developers new to a ""tech lead"" role: trying to perform every code review. They're concerned that if they don't, something will break.

But reviewing every Pull Request isn't feasible, and doesn't scale.

So, what should you do instead? 6 tips:

1ï¸âƒ£ Enhance your delivery systems outside of code review.

Strengthen your release pipelines with tests, monitoring and rollback. This will help to prevent, detect and mitigate defects.

2ï¸âƒ£ Document code review processes.

Team members should be aware of the expected size, scope and structure for each PR. Add automated checks for testing and approval.

3ï¸âƒ£ Establish paradigms.

Introduce design patterns and structure to the codebase, that others can leverage and build on top of.

4ï¸âƒ£ Integrate automated tools.

Use linters and formatters to ensure consistent style. Set up automated static code analysis.

5ï¸âƒ£ Teach your team to review effectively.

Emphasize the importance of kindness, clarity, and thoroughness. Identify when blocking is or isn't appropriate.

6ï¸âƒ£ Be aware of what's being shipped to production.

Slack/GitHub integration works well. Know when to scan a pull request, and when to do a thorough dive.

ğŸ”‘ Remember: You can't write and review all the code for your team. If you could, hiring others would be pointless.

ğŸ’¡ Instead: put your team in position to ship better software, faster.

-----------
Like this post? It's an excerpt from my video course â€” Master the Code Review! Individual and team licenses available. ğŸ‘‰ https://buff.ly/3PEWlF6

#softwareengineering #codereview",360.0,27.0,31,,,Teacher,Engineering/Technical,Insight/Observation,Statement â†’ Commentary,Text-only,"A common mistake of developers new to a ""tech lead"" role: trying to perform every code review. They're concerned that if they don't, something will br","A common mistake of developers new to a ""tech lead"" role: trying to perform every code review. They're concerned that if they don't, something will br",,,,dataset_alexis_dataset,,,,
"When you dedicate yourself to making tiny unnoticeable changes to your habits every day, those little improvements add up to a pretty significant one, and end up drastically improving your quality of life!

Try some of these out for a week, then a month, then for a whole season, and see what happens:

- add a little less sugar to your coffee
- drink a little less alcohol
- drink more water
- read an extra page
- write an additional paragraph
- practice an extra minute of your piano/violin
- do an additional exercise in Duolingo
- do one more push-up
- run/walk an additional minute
- go to bed earlier (ultimate super 100x life hack)

Article + image source: https://lnkd.in/dRXdYYBj",65.0,6.0,4,,,Teacher,General,Insight/Observation,Listicle/Breakdown,Text-only,"When you dedicate yourself to making tiny unnoticeable changes to your habits every day, those little improvements add up to a pretty significant one,","When you dedicate yourself to making tiny unnoticeable changes to your habits every day, those little improvements add up to a pretty significant one,",,,,dataset_alexis_dataset,,,,
"the guys from the Engineering Advice You Didn't Ask For impacted me so much that i thought - hey i'm just gonna copy what they do!  it's too good not to be copied, for real! 

fast forward, i've setup a community of practices for managers and two monthly COP sessions are done; the 1:1 and the career path ones got covered and well received! 

the original is always better, follow those guys, motivate them to share more!",10.0,4.0,1,,,Teacher,Leadership/Management,Insight/Observation,Statement â†’ Commentary,Text-only,the guys from the Engineering Advice You Didn't Ask For impacted me so much that i thought - hey i'm just gonna copy what they do!  it's too good not ,the guys from the Engineering Advice You Didn't Ask For impacted me so much that i thought - hey i'm just gonna copy what they do!  it's too good not,,,,dataset_alexis_dataset,,,,
"The more senior of a developer you are, the less a company cares during the interview process whether you know their tech stack and the programming language they use.

Good recruiters and interviewers know that senior programmers can translate their experience from one language/stack to another with ease.

This rule goes out the window for startups that havenâ€™t figured out hiring yet, or don't have mature onboarding practices.

At those companies youâ€™ll get questions like â€œwhat is your favorite Python 3.10 feature?â€ and youâ€™ll be told that you have to use only their preferred language in the interview.",829.0,29.0,14,,,Teacher,Product/Growth,Insight/Observation,Statement â†’ Commentary,Text-only,"The more senior of a developer you are, the less a company cares during the interview process whether you know their tech stack and the programming la","The more senior of a developer you are, the less a company cares during the interview process whether you know their tech stack and the programming la",,,,dataset_alexis_dataset,,,,
"The Pragmatic Engineer talent collective tripled in size today.

In today's drop: multiple Head of Engineering and Director of Engineering folks at high-growth places, engineers formerly/currently at Google, Facebook, Apple, Shopify, Stream, Amazon, Microsoft, many people just going on the market from Hopin & interesting folks at high-growth startups.

If you are hiring for senior and above engineers (backend, fullstack, frontend, mobile, SRE, data), engineering leaders (managers, directors, or above) and want to get hold of interesting candidates who are just going on the market - and often don't signal they are open to opportunities on LinkedIn - then apply here: https://lnkd.in/grbusEZ2

Existing companies are seeing an 82% response rate, and ~30% connection accept rate.

(If you're looking for interesting opportunities, you can also apply!).

#hiring #softwareengineering #engineeringmanagement",165.0,3.0,4,,,Teacher,Engineering/Technical,Insight/Observation,Statement â†’ Commentary,Text-only,The Pragmatic Engineer talent collective tripled in size today.,"The Pragmatic Engineer talent collective tripled in size today.

In today's drop: multiple Head of Engineering and Director of Engineering folks at hi",,,,dataset_alexis_dataset,,,,
"This is what engineers tend to focus on, depending on their level:
âœ… Junior Engineer: What tickets are mine?
âœ… Senior Engineer: How do we ship quality on time?
âœ… Staff Engineer: Why are we building this?

As a senior engineer, change your communication patterns accordingly (using empathy). With staff, focus more on the problems, vision, and strategy. With other seniors, focus on developer workflows and tools. To juniors, offer a predictable steady flow of meaningful work.

See chrislaffra.com/c4e for more information.",716.0,67.0,91,,,Teacher,Engineering/Technical,Insight/Observation,Statement â†’ Commentary,Text-only,"This is what engineers tend to focus on, depending on their level:","This is what engineers tend to focus on, depending on their level:
âœ… Junior Engineer: What tickets are mine?
âœ… Senior Engineer: How do we ship quality",,,,dataset_alexis_dataset,,,,
"â€œAsk and you shall receive.â€
But in leadership, itâ€™s often the opposite.

Give and only then you shall receive. ğŸ‘‡

Give energy + engagement to get more energy + engagement.
Give more responsibility, in order to get more responsibility.

Give open communication, to get open communication.
Give trust, in order to be trusted.

Instead leaders inadvertently often do the opposite.Â 
Eg expecting people to trust them, but donâ€™t trust their own people.

Leadership is an amplification mechanism.Â 
Whatever you do gets amplified and comes back to you 10X.Â 
There is nowhere to hide. 

You can do the opposite but itâ€™s not sustainable in the long run.
This is not a morality position.
Rather, itâ€™s a performance position. 

Teams with the above characteristics simply outperform others in the long run.

Which one would you rather have?

#leadership #management",13.0,2.0,1,,,Teacher,Leadership/Management,Insight/Observation,Statement â†’ Commentary,Text-only,â€œAsk and you shall receive.â€,"â€œAsk and you shall receive.â€
But in leadership, itâ€™s often the opposite.

Give and only then you shall receive. ğŸ‘‡

Give energy + engagement to get mor",,,,dataset_alexis_dataset,,,,
"Iâ€™ve delivered 100+ large features over last 10+ years as an Engineer/Manager/Director, here is a lesson I learned 3 years ago that completely changed the game:

> A bad & unclear decision (yet intentional) is better than no decision in 99% of cases.

This might seem extreme/unproductive, but isnâ€™t.

Without a larger plan, there are some technical decisions you just canâ€™t make decisively. 

â€”> Are you all aiming for Future State A or Future State B? 

Teams often hedge and avoid making the small decisions because they donâ€™t know what the big ones will be.

Not making a decision might end up being worse than any of the decisions on the table would have been. 

This especially shows up with architectural decisions, where teams donâ€™t commit to one approach or another, and end up trying to be flexible enough to support both.

It is better to make a ""bad & wrong decision"" today (and fail/revisit and improve later) than no decision today and tomorrow with the ""illusion"" that a perfect decision or solution will appear tomorrow.

In my experience, most projects fail or get delayed not because developers are slow, but because the analysis paralysis of over-engineering that slows down the decisions that the team, the department or the company has to make to move things forward even when they donâ€™t have all the info.

And, in my experience, when you have an aggressive deadline or release target (as it was almost always the case for me and my teams in those high-performing/hyper-growth companies), you will never have all the info you need. Or, when you have that, it will be way too late.

Practice: 24-Hour Decision Making.

Promoting the idea that making a decision & iterating on it even when there is some disagreement is better for the team in the long-term than spending a lot of time trying to local optimize a decision with a lot of unproductive discussions.

Having a winner or a losser in a discussion/decision is less important to us than moving forward and iterating on things as a team and getting real feedback from users (it could be even internal/alpha users) from the production environment (it could be from the staging in some cases as well) after have gone full cycle (from requirements to deployment) and end-to-end (from database to UX).

On Slack Threads that go wild for a few hours or Pull Requests that get stuck for more than 1 day:

Here is how we did it:

Thread in m1-us-payments-v2

> thiagoghisi: 

â±24-Hour Decision Pending starting now: 

> Sep 22 at 3pm EST:

> Question to be answered: How do we want to handle Back Navigation on Global Payments for Radio Selectors as Payment Amount, Payment Date & Bank Account?

------ after a sync ------

> Sep 23 at 330pm EST:

â±Time to decision: 24 hours and 30 minutes.

> Decision: Make tapping on back button after selecting Payment Date, Payment Amount & Bank Account will be required for both iOS and Android for all cases. cc/ ...

> Link to ADR: ...",191.0,16.0,11,,,Magician,Engineering/Technical,Personal Experience,Story â†’ Twist â†’ Lesson,Text-only,"Iâ€™ve delivered 100+ large features over last 10+ years as an Engineer/Manager/Director, here is a lesson I learned 3 years ago that completely changed","Iâ€™ve delivered 100+ large features over last 10+ years as an Engineer/Manager/Director, here is a lesson I learned 3 years ago that completely changed",,,,dataset_alexis_dataset,,,,
