full_text,likes,comments,shares,total_engagement,outlier_score,hook_type,topic,angle,structure,visual_format,first_line,hook_150,hook_text,hook_visual,_source
I‚Äôll know I‚Äôve made it when 50% of the founders I invest in end up on this list: |  | #startups #venturecapital #memes  |  | Subscribe to my newsletter for more memes & startup satire: https://lnkd.in/ekGih-Hf,16951,277,80,17308.0,,Magician,VC/Startup investing culture,Expectation vs reality contrast,Setup ‚Üí Punchline (image),Meme with extended caption,I‚Äôll know I‚Äôve made it when 50% of the founders I invest in end up on this list: |  | #startups #venturecapital #memes  |  | Subscribe to my newslette,I‚Äôll know I‚Äôve made it when 50% of the founders I invest in end up on this list: |  | #startups #venturecapital #memes  |  | Subscribe to my newslette,I‚Äôll know I‚Äôve made it when 50% of the founders I invest in end up on this list: #startups #venturecapital #memes,Satirical meme image,top_50_kallaway
When your CEO says a feature will be ready Q1 next year and it‚Äôs December 28th. |  | #startups #venturecapital #memes |  | Subscribe to my newsletter for more memes & startup satire: https://lnkd.in/ekGih-Hf,4845,199,69,5113.0,,Teacher,VC/Startup investing culture,Insider satire/critique,Statement ‚Üí Commentary,Meme with extended caption,When your CEO says a feature will be ready Q1 next year and it‚Äôs December 28th. |  | #startups #venturecapital #memes |  | Subscribe to my newsletter ,When your CEO says a feature will be ready Q1 next year and it‚Äôs December 28th. |  | #startups #venturecapital #memes |  | Subscribe to my newsletter,When your CEO says a feature will be ready Q1 next year and it‚Äôs December 28th. #startups #venturecapital #memes,Relatable reaction image/meme,top_50_kallaway
VCs: ‚ÄúI invested in a cutting edge AI startup‚Äù |  | The startup:  |  | #staetups #venturecapital #memes |  | Subscribe to my newsletter for more memes & startup satire: https://lnkd.in/ekGih-Hf,3754,239,74,4067.0,,Teacher,VC/Startup investing culture,Expectation vs reality contrast,Setup ‚Üí Punchline (image),Meme with extended caption,VCs: ‚ÄúI invested in a cutting edge AI startup‚Äù |  | The startup:  |  | #staetups #venturecapital #memes |  | Subscribe to my newsletter for more memes,VCs: ‚ÄúI invested in a cutting edge AI startup‚Äù |  | The startup:  |  | #staetups #venturecapital #memes |  | Subscribe to my newsletter for more memes,VCs: ‚ÄúI invested in a cutting edge AI startup‚Äù The startup:,Tech culture meme/screenshot,top_50_kallaway
"Building a startup is hard when you‚Äôve been paid $584k/year to play office ping pong and write code 6 hours/week.  |  | Ex-Googler: ‚ÄúI thought I could Google how to build an AI company, but the search results only showed me how to sell meth on market street‚Äù.  |  | #startups #venturecapital #memes |  | Subscribe to my newsletter for unhinged startup satire: https://lnkd.in/ekGih-Hf",2739,245,52,3036.0,,Magician,VC/Startup investing culture,Insider satire/critique,Statement ‚Üí Commentary,Meme with extended caption,Building a startup is hard when you‚Äôve been paid $584k/year to play office ping pong and write code 6 hours/week.  |  | Ex-Googler: ‚ÄúI thought I could,Building a startup is hard when you‚Äôve been paid $584k/year to play office ping pong and write code 6 hours/week.  |  | Ex-Googler: ‚ÄúI thought I could,"Building a startup is hard when you‚Äôve been paid $584k/year to play office ping pong and write code 6 hours/week. Ex-Googler: ‚ÄúI thought I could Google how to build an AI company, but the search resul",Satirical meme image,top_50_kallaway
I just invested in a startup with the best team I‚Äôve ever seen:  |  | #startups #venturecapital #memes |  | Subscribe to our newsletter for dank memes & startup satire: https://lnkd.in/ekGih-Hf,2556,407,27,2990.0,,Teacher,VC/Startup investing culture,Expectation vs reality contrast,Setup ‚Üí Punchline (image),Meme with extended caption,I just invested in a startup with the best team I‚Äôve ever seen:  |  | #startups #venturecapital #memes |  | Subscribe to our newsletter for dank memes,I just invested in a startup with the best team I‚Äôve ever seen:  |  | #startups #venturecapital #memes |  | Subscribe to our newsletter for dank memes,I just invested in a startup with the best team I‚Äôve ever seen: #startups #venturecapital #memes,Satirical meme image,top_50_kallaway
"Next time a LinkedIn influencer tries to sell you an ebook, send them this: |  | Subscribe to my newsletter for the funniest business and tech news: https://lnkd.in/ekGih-Hf",2814,127,45,2986.0,,Teacher,LinkedIn culture critique,Shareable callout,Setup ‚Üí Punchline (image),Meme with extended caption,"Next time a LinkedIn influencer tries to sell you an ebook, send them this: |  | Subscribe to my newsletter for the funniest business and tech news: h","Next time a LinkedIn influencer tries to sell you an ebook, send them this: |  | Subscribe to my newsletter for the funniest business and tech news: h","Next time a LinkedIn influencer tries to sell you an ebook, send them this: Subscribe to my newsletter for the funniest business and tech news: https://lnkd.in/ekGih-Hf",LinkedIn-specific satirical image,top_50_kallaway
VCs: ‚ÄúI invested in a cutting edge AI startup‚Äù. |  | The startup:  |  | #startups #venturecapital #memes |  | Subscribe to my newsletter for memes & unhinged startup satire: https://lnkd.in/ekGih-Hf,2710,169,52,2931.0,,Teacher,VC/Startup investing culture,Expectation vs reality contrast,Setup ‚Üí Punchline (image),Meme with extended caption,VCs: ‚ÄúI invested in a cutting edge AI startup‚Äù. |  | The startup:  |  | #startups #venturecapital #memes |  | Subscribe to my newsletter for memes & u,VCs: ‚ÄúI invested in a cutting edge AI startup‚Äù. |  | The startup:  |  | #startups #venturecapital #memes |  | Subscribe to my newsletter for memes & u,VCs: ‚ÄúI invested in a cutting edge AI startup‚Äù. The startup:,Tech culture meme/screenshot,top_50_kallaway
"7 years ago, I stopped going to coffee shops & started making coffee at home.  |  | I ended up saving $5 a day. That‚Äôs: | -$25 a week | -$100 a month  | -$1200 a year  | - $8500 over 7 years |  | I took that $8,500 and invested into WeWork, FTX, and Bolt. Now it's worth 0.  |  | I should have invested in unprofitable AI startups.  |  | #startups #venturecapital #memes |  | Subscribe to my newsletter for more unhinged startup satire & memes: https://lnkd.in/ekGih-Hf",2503,211,20,2734.0,,Magician,VC/Startup investing culture,Insider satire/critique,Listicle/Breakdown,Meme with extended caption,"7 years ago, I stopped going to coffee shops & started making coffee at home.  |  | I ended up saving $5 a day. That‚Äôs: | -$25 a week | -$100 a month ","7 years ago, I stopped going to coffee shops & started making coffee at home.  |  | I ended up saving $5 a day. That‚Äôs: | -$25 a week | -$100 a month","7 years ago, I stopped going to coffee shops & started making coffee at home. I ended up saving $5 a day. That‚Äôs:",Satirical meme image,top_50_kallaway
Big tech employees: ‚ÄúI‚Äôm gonna quit my $200k job and work at a startup‚Äù |  | 6 months into working at a startup:  |  | #startups #venturecapital #memes |  | Subscribe to my newsletter for more memes & startup satire: https://lnkd.in/em99Rn5u,2315,267,40,2622.0,,Magician,VC/Startup investing culture,Expectation vs reality contrast,Setup ‚Üí Punchline (image),Meme with extended caption,Big tech employees: ‚ÄúI‚Äôm gonna quit my $200k job and work at a startup‚Äù |  | 6 months into working at a startup:  |  | #startups #venturecapital #meme,Big tech employees: ‚ÄúI‚Äôm gonna quit my $200k job and work at a startup‚Äù |  | 6 months into working at a startup:  |  | #startups #venturecapital #meme,Big tech employees: ‚ÄúI‚Äôm gonna quit my $200k job and work at a startup‚Äù 6 months into working at a startup:,Satirical meme image,top_50_kallaway
I just invested in a startup with the best team I‚Äôve ever seen:  |  |  | Subscribe to my newsletter for the funniest business and world news: https://lnkd.in/ekGih-Hf,2050,323,21,2394.0,,Teacher,VC/Startup investing culture,Expectation vs reality contrast,Setup ‚Üí Punchline (image),Meme with extended caption,I just invested in a startup with the best team I‚Äôve ever seen:  |  |  | Subscribe to my newsletter for the funniest business and world news: https://,I just invested in a startup with the best team I‚Äôve ever seen:  |  |  | Subscribe to my newsletter for the funniest business and world news: https://,I just invested in a startup with the best team I‚Äôve ever seen: Subscribe to my newsletter for the funniest business and world news: https://lnkd.in/ekGih-Hf,Satirical meme image,top_50_kallaway
We should have known the world was cooked when AI started posting banger 1 liners like this.  |  |  | p.s. subscribe to my newsletter for the funniest business & world news: https://lnkd.in/ekGih-Hf,2227,75,35,2337.0,,Teacher,AI/Tech industry hype,Insider satire/critique,Statement ‚Üí Commentary,Meme with extended caption,We should have known the world was cooked when AI started posting banger 1 liners like this.  |  |  | p.s. subscribe to my newsletter for the funniest,We should have known the world was cooked when AI started posting banger 1 liners like this.  |  |  | p.s. subscribe to my newsletter for the funniest,We should have known the world was cooked when AI started posting banger 1 liners like this. p.s. subscribe to my newsletter for the funniest business & world news: https://lnkd.in/ekGih-Hf,Satirical meme image,top_50_kallaway
"This still might be singlehandedly the best LinkedIn meme ever made.  |  | I come back to this every couple of months. Truly god tier work, whoever made it, I applaud you.  |  | P.S. I found the culprit. Eduardo Ordax made the meme, go follow him |  | #startups #linkedin #memes |  | Subscribe to my newsletter for more memes & unhinged startup satire: https://lnkd.in/ekGih-Hf",2096,176,30,2302.0,,Teacher,LinkedIn culture critique,Insider satire/critique,Statement ‚Üí Commentary,Meme with extended caption,"This still might be singlehandedly the best LinkedIn meme ever made.  |  | I come back to this every couple of months. Truly god tier work, whoever ma","This still might be singlehandedly the best LinkedIn meme ever made.  |  | I come back to this every couple of months. Truly god tier work, whoever ma","This still might be singlehandedly the best LinkedIn meme ever made. I come back to this every couple of months. Truly god tier work, whoever made it, I applaud you.",LinkedIn-specific satirical image,top_50_kallaway
People on LinkedIn after they get an online HBS certification:  |  | #startups #mba #education |  | Subscribe to my newsletter for startup satire & dank memes: https://lnkd.in/ekGih-Hf,1962,191,19,2172.0,,Teacher,LinkedIn culture critique,Expectation vs reality contrast,Setup ‚Üí Punchline (image),Meme with extended caption,People on LinkedIn after they get an online HBS certification:  |  | #startups #mba #education |  | Subscribe to my newsletter for startup satire & da,People on LinkedIn after they get an online HBS certification:  |  | #startups #mba #education |  | Subscribe to my newsletter for startup satire & da,People on LinkedIn after they get an online HBS certification: #startups #mba #education,Celebrity at Harvard photo,top_50_kallaway
OpenAI: ‚Äúwe have the best AI engineers in the world‚Äù. |  | Mark Zuckerberg: ‚Äúhold my beer‚Äù |  | Subscribe to my newsletter for the funniest business and world news: https://lnkd.in/ekGih-Hf,1837,151,26,2014.0,,Teacher,AI/Tech industry hype,Insider satire/critique,Setup ‚Üí Punchline (image),Meme with extended caption,OpenAI: ‚Äúwe have the best AI engineers in the world‚Äù. |  | Mark Zuckerberg: ‚Äúhold my beer‚Äù |  | Subscribe to my newsletter for the funniest business a,OpenAI: ‚Äúwe have the best AI engineers in the world‚Äù. |  | Mark Zuckerberg: ‚Äúhold my beer‚Äù |  | Subscribe to my newsletter for the funniest business a,OpenAI: ‚Äúwe have the best AI engineers in the world‚Äù. Mark Zuckerberg: ‚Äúhold my beer‚Äù,Satirical meme image,top_50_kallaway
Billionaires in 1895: let‚Äôs use child labor. |  | Billionaires in 2025: let‚Äôs file as a non-profit then go public for $1 trillion.  |  | Too bad Rockefeller isn‚Äôt alive to see these shenanigans.  |  | P.S. subscribe to my newsletter for the funniest business and world news: https://lnkd.in/ekGih-Hf,1778,155,24,1957.0,,Magician,AI/Tech industry hype,Insider satire/critique,Setup ‚Üí Punchline (image),Meme with extended caption,Billionaires in 1895: let‚Äôs use child labor. |  | Billionaires in 2025: let‚Äôs file as a non-profit then go public for $1 trillion.  |  | Too bad Rocke,Billionaires in 1895: let‚Äôs use child labor. |  | Billionaires in 2025: let‚Äôs file as a non-profit then go public for $1 trillion.  |  | Too bad Rocke,Billionaires in 1895: let‚Äôs use child labor. Billionaires in 2025: let‚Äôs file as a non-profit then go public for $1 trillion.,Satirical meme image,top_50_kallaway
"If your CTO isn‚Äôt doing this on flights, your startup isn‚Äôt going to make it:  |  |  | P.S. subscribe to my newsletter for the funniest tech news: https://lnkd.in/ekGih-Hf",1670,188,15,1873.0,,Teacher,Startup leadership dynamics,Expectation vs reality contrast,Setup ‚Üí Punchline (image),Meme with extended caption,"If your CTO isn‚Äôt doing this on flights, your startup isn‚Äôt going to make it:  |  |  | P.S. subscribe to my newsletter for the funniest tech news: htt","If your CTO isn‚Äôt doing this on flights, your startup isn‚Äôt going to make it:  |  |  | P.S. subscribe to my newsletter for the funniest tech news: htt","If your CTO isn‚Äôt doing this on flights, your startup isn‚Äôt going to make it: P.S. subscribe to my newsletter for the funniest tech news: https://lnkd.in/ekGih-Hf",Relatable reaction image/meme,top_50_kallaway
"If another 21 year old startup founder tells me they‚Äôre disrupting the real estate industry I‚Äôm going to crawl into a drain pipe and wait for a flood |  | For real, why does it seem like the people who live in their parents basement & have never paid rent are always the ones trying to ‚Äòrevolutionize‚Äô the way that we buy homes |  | It feels like the startup industry is in an episode of the twilight zone, where all the least qualified people discover the realities of life, like having to pay rent, & think it‚Äôs a problem that needs to be solved |  | I could be wrong but I think this part of tech culture started when parents began giving trophies to every sh*tty little league team in America |  | #startups #tech #founders",1494,308,21,1823.0,,Contrarian,AI/Tech industry hype,Insider satire/critique,Statement ‚Üí Commentary,Meme with extended caption,If another 21 year old startup founder tells me they‚Äôre disrupting the real estate industry I‚Äôm going to crawl into a drain pipe and wait for a flood ,If another 21 year old startup founder tells me they‚Äôre disrupting the real estate industry I‚Äôm going to crawl into a drain pipe and wait for a flood,"If another 21 year old startup founder tells me they‚Äôre disrupting the real estate industry I‚Äôm going to crawl into a drain pipe and wait for a flood For real, why does it seem like the people who liv",Timeline/evolution graphic,top_50_kallaway
This pretty much sums up the state of venture capital in 2024. |  | #startups #venturecapital #memes |  | Subscribe to our newsletter for memes & startup satire: https://lnkd.in/em99Rn5u,1646,137,23,1806.0,,Teacher,VC/Startup investing culture,Insider satire/critique,Statement ‚Üí Commentary,Meme with extended caption,This pretty much sums up the state of venture capital in 2024. |  | #startups #venturecapital #memes |  | Subscribe to our newsletter for memes & star,This pretty much sums up the state of venture capital in 2024. |  | #startups #venturecapital #memes |  | Subscribe to our newsletter for memes & star,This pretty much sums up the state of venture capital in 2024. #startups #venturecapital #memes,Satirical meme image,top_50_kallaway
Here's how top VC firms like a16z determine what valuation to give a startup:  |  | - Cool logo: +$50M  | - Asian CTO: +$125M | - Expensive office with free snacks: +$18M | - Female CTO: -$30M | - CEO who posts on X at least 30x a day: +$90M | - Realistic financial projections: -$100B | - Coders that only wear hoodies & sandals: +$37M |  |  | p.s. subscribe to my newsletter for the funniest business & world news: https://lnkd.in/ekGih-Hf,1619,108,20,1747.0,,Magician,VC/Startup investing culture,Expectation vs reality contrast,Listicle/Breakdown,Meme with extended caption,Here's how top VC firms like a16z determine what valuation to give a startup:  |  | - Cool logo: +$50M  | - Asian CTO: +$125M | - Expensive office wit,Here's how top VC firms like a16z determine what valuation to give a startup:  |  | - Cool logo: +$50M  | - Asian CTO: +$125M | - Expensive office wit,Here's how top VC firms like a16z determine what valuation to give a startup: - Cool logo: +$50M,Relatable reaction image/meme,top_50_kallaway
"VCs: ""We invested in an AI startup that's revolutionizing the future of music"". |  | The startup: |  | #startups #venturecapital #memes |  | Subscribe to our newsletter for dank memes & startup satire: https://lnkd.in/em99Rn5u",1501,209,22,1732.0,,Fortune Teller,VC/Startup investing culture,Expectation vs reality contrast,Setup ‚Üí Punchline (image),Meme with extended caption,"VCs: ""We invested in an AI startup that's revolutionizing the future of music"". |  | The startup: |  | #startups #venturecapital #memes |  | Subscribe","VCs: ""We invested in an AI startup that's revolutionizing the future of music"". |  | The startup: |  | #startups #venturecapital #memes |  | Subscribe","VCs: ""We invested in an AI startup that's revolutionizing the future of music"". The startup:",Tech culture meme/screenshot,top_50_kallaway
"Startup founders will be like, ""I have a really busy schedule today"".  |  | The schedule:  |  | #startups #venturecapital #memes  |  | Subscribe to my newsletter for more memes & startup satire: https://lnkd.in/ekGih-Hf",1489,214,18,1721.0,,Teacher,VC/Startup investing culture,Insider satire/critique,Statement ‚Üí Commentary,Meme with extended caption,"Startup founders will be like, ""I have a really busy schedule today"".  |  | The schedule:  |  | #startups #venturecapital #memes  |  | Subscribe to my","Startup founders will be like, ""I have a really busy schedule today"".  |  | The schedule:  |  | #startups #venturecapital #memes  |  | Subscribe to my","Startup founders will be like, ""I have a really busy schedule today"". The schedule:",Satirical meme image,top_50_kallaway
When your CEO says a feature will be ready Q2 and it‚Äôs March 27th. |  | #startups #venturecapital #memes |  | Subscribe to my newsletter for more memes & startup satire: https://lnkd.in/ekGih-Hf,1582,112,17,1711.0,,Teacher,VC/Startup investing culture,Insider satire/critique,Statement ‚Üí Commentary,Meme with extended caption,When your CEO says a feature will be ready Q2 and it‚Äôs March 27th. |  | #startups #venturecapital #memes |  | Subscribe to my newsletter for more meme,When your CEO says a feature will be ready Q2 and it‚Äôs March 27th. |  | #startups #venturecapital #memes |  | Subscribe to my newsletter for more meme,When your CEO says a feature will be ready Q2 and it‚Äôs March 27th. #startups #venturecapital #memes,Relatable reaction image/meme,top_50_kallaway
"Whenever someone asks me if they should start a company, I send them this:  |  | #startups #venturecapital #memes |  | Subscribe to my newsletter for more memes & startup satire: https://lnkd.in/ekGih-Hf",1488,161,52,1701.0,,Teacher,VC/Startup investing culture,Expectation vs reality contrast,Setup ‚Üí Punchline (image),Meme with extended caption,"Whenever someone asks me if they should start a company, I send them this:  |  | #startups #venturecapital #memes |  | Subscribe to my newsletter for ","Whenever someone asks me if they should start a company, I send them this:  |  | #startups #venturecapital #memes |  | Subscribe to my newsletter for","Whenever someone asks me if they should start a company, I send them this: #startups #venturecapital #memes",Satirical meme image,top_50_kallaway
"A company I invested in was struggling to grow its user base. |  | Their CEO called me for advice.  |  | They said, ‚ÄúJack, we have a big meeting coming up with a16z & need to show rocketship growth if we want to get their money‚Äù.  |  | I told them to do the responsible thing. |  | Lie about your users.  |  | They‚Äôre an AI company, nobody even knows what AI companies do.  |  | But everyone expects AI startups to be growing like crazy.  |  | So fudging a couple of customers will go unnoticed.  |  | They ended up raising $50M.  |  | Now they‚Äôre getting free press from top news sites like TechCrunch.  |  | Once again I have proven what it means to be a value add investor. |  | #startups #venturecapital #memes",1456,202,18,1676.0,,Contrarian,VC/Startup investing culture,Insider satire/critique,Statement ‚Üí Commentary,Meme with extended caption,"A company I invested in was struggling to grow its user base. |  | Their CEO called me for advice.  |  | They said, ‚ÄúJack, we have a big meeting comin","A company I invested in was struggling to grow its user base. |  | Their CEO called me for advice.  |  | They said, ‚ÄúJack, we have a big meeting comin",A company I invested in was struggling to grow its user base. Their CEO called me for advice.,Relatable reaction image/meme,top_50_kallaway
Big tech employees: ‚ÄúI‚Äôm gonna quit my $200k job and work at a startup‚Äù. |  | 6 months into working at a startup:  |  | Subscribe to my newsletter for the funniest business & tech news: https://lnkd.in/em99Rn5u,1466,186,19,1671.0,,Magician,Startup culture/reality,Expectation vs reality contrast,Setup ‚Üí Punchline (image),Meme with extended caption,Big tech employees: ‚ÄúI‚Äôm gonna quit my $200k job and work at a startup‚Äù. |  | 6 months into working at a startup:  |  | Subscribe to my newsletter for,Big tech employees: ‚ÄúI‚Äôm gonna quit my $200k job and work at a startup‚Äù. |  | 6 months into working at a startup:  |  | Subscribe to my newsletter for,Big tech employees: ‚ÄúI‚Äôm gonna quit my $200k job and work at a startup‚Äù. 6 months into working at a startup:,Satirical meme image,top_50_kallaway
Send this to someone who bought Palantir last week & thinks they‚Äôre Warren Buffet:  |  | Subscribe to our newsletter for the funniest business and world news: https://lnkd.in/ekGih-Hf,1467,74,11,1552.0,,Teacher,Tech/startup culture satire,Shareable callout,Setup ‚Üí Punchline (image),Meme with extended caption,Send this to someone who bought Palantir last week & thinks they‚Äôre Warren Buffet:  |  | Subscribe to our newsletter for the funniest business and wor,Send this to someone who bought Palantir last week & thinks they‚Äôre Warren Buffet:  |  | Subscribe to our newsletter for the funniest business and wor,Send this to someone who bought Palantir last week & thinks they‚Äôre Warren Buffet: Subscribe to our newsletter for the funniest business and world news: https://lnkd.in/ekGih-Hf,Satirical meme image,top_50_kallaway
Men would rather go to war than build a powerpoint at Delloite.  |  | #startups #venturecapital #memes |  | Subscribe to my newsletter for more memes & startup satire: https://lnkd.in/ekGih-Hf,1384,119,25,1528.0,,Teacher,VC/Startup investing culture,Insider satire/critique,Statement ‚Üí Commentary,Meme with extended caption,Men would rather go to war than build a powerpoint at Delloite.  |  | #startups #venturecapital #memes |  | Subscribe to my newsletter for more memes ,Men would rather go to war than build a powerpoint at Delloite.  |  | #startups #venturecapital #memes |  | Subscribe to my newsletter for more memes,Men would rather go to war than build a powerpoint at Delloite. #startups #venturecapital #memes,Satirical meme image,top_50_kallaway
This is the last thing you see before your CEO fires 80% of your team:  |  |  | P.S. Subscribe to my newsletter to laugh about the tech industry: https://lnkd.in/ekGih-Hf,1326,160,23,1509.0,,Magician,Startup leadership dynamics,Insider satire/critique,Setup ‚Üí Punchline,Text-only post,This is the last thing you see before your CEO fires 80% of your team:  |  |  | P.S. Subscribe to my newsletter to laugh about the tech industry: http,This is the last thing you see before your CEO fires 80% of your team:  |  |  | P.S. Subscribe to my newsletter to laugh about the tech industry: http,This is the last thing you see before your CEO fires 80% of your team: P.S. Subscribe to my newsletter to laugh about the tech industry: https://lnkd.in/ekGih-Hf,N/A - Text only,top_50_kallaway
"A founder friend of mine was struggling to go on dates. |  | He was a huge nerd and sucked at talking to girls.  |  | So I offered to set him up on a date in exchange for 2.5% of his company.  |  | This was an incredible deal (for him).  |  | As we all know, the purpose of starting a company is to get rich and get laid. |  | But most startup founders worth ‚Äú$100M‚Äù on paper can‚Äôt even afford bottomless mimosas.  |  | So trading fake money for fake love is a bargain.  |  | I‚Äôve done this for 100+ founders and now have over $150M worth of equity.  |  | None of them made it past a 2nd date.  |  | But getting back out there in the dating scene is worth millions.  |  | #startups #venturecapital #memes |  | Subscribe to my newsletter for more tech industry satire: https://lnkd.in/ekGih-Hf",1259,217,12,1488.0,,Magician,VC/Startup investing culture,Insider satire/critique,Statement ‚Üí Commentary,Meme with extended caption,A founder friend of mine was struggling to go on dates. |  | He was a huge nerd and sucked at talking to girls.  |  | So I offered to set him up on a ,A founder friend of mine was struggling to go on dates. |  | He was a huge nerd and sucked at talking to girls.  |  | So I offered to set him up on a,A founder friend of mine was struggling to go on dates. He was a huge nerd and sucked at talking to girls.,Satirical meme image,top_50_kallaway
"If the CEO of your company makes the cover of Forbes, it‚Äôs time to look for another job:  |  | #startups #venturecapital #memes  |  | Subscribe to my newsletter for more memes & startup satire: https://lnkd.in/ekGih-Hf",1325,144,18,1487.0,,Teacher,VC/Startup investing culture,Expectation vs reality contrast,Setup ‚Üí Punchline (image),Meme with extended caption,"If the CEO of your company makes the cover of Forbes, it‚Äôs time to look for another job:  |  | #startups #venturecapital #memes  |  | Subscribe to my ","If the CEO of your company makes the cover of Forbes, it‚Äôs time to look for another job:  |  | #startups #venturecapital #memes  |  | Subscribe to my","If the CEO of your company makes the cover of Forbes, it‚Äôs time to look for another job: #startups #venturecapital #memes",Relatable reaction image/meme,top_50_kallaway
YC in 2010 vs YC in 2025. |  | Can‚Äôt wait for 2030 when every YC company is a couple of 19 year old Stanford dropouts who claim to be AI experts.  |  | Subscribe to my newsletter for the funniest world and tech news: https://lnkd.in/ekGih-Hf,1386,76,23,1485.0,,Teacher,AI/Tech industry hype,Insider satire/critique,Statement ‚Üí Commentary,Meme with extended caption,YC in 2010 vs YC in 2025. |  | Can‚Äôt wait for 2030 when every YC company is a couple of 19 year old Stanford dropouts who claim to be AI experts.  |  ,YC in 2010 vs YC in 2025. |  | Can‚Äôt wait for 2030 when every YC company is a couple of 19 year old Stanford dropouts who claim to be AI experts.  |,YC in 2010 vs YC in 2025. Can‚Äôt wait for 2030 when every YC company is a couple of 19 year old Stanford dropouts who claim to be AI experts.,Satirical meme image,top_50_kallaway
"This year I was selected for Forbes 30 under 30. |  | Here‚Äôs how I did it: |  | 1. I spent hours tweeting everyday & became a thought leader in my category.  |  | 2. I employed hundreds of people (if you consider unpaid interns people).  |  | 3. I sacrificed my summer vacations to network in the south of France.  |  | I want to congratulate all my fellow Forbes 30u30 winners - it takes hard work, grit, and a substantial PR budget to get here.  |  | #startups #venturecapital  |  | Subscribe to my newsletter for more tech satire: https://lnkd.in/ekGih-Hf",1271,188,10,1469.0,,Experimenter,VC/Startup investing culture,Insider satire/critique,Story ‚Üí Twist ‚Üí Lesson,Meme with extended caption,This year I was selected for Forbes 30 under 30. |  | Here‚Äôs how I did it: |  | 1. I spent hours tweeting everyday & became a thought leader in my cat,This year I was selected for Forbes 30 under 30. |  | Here‚Äôs how I did it: |  | 1. I spent hours tweeting everyday & became a thought leader in my cat,This year I was selected for Forbes 30 under 30. Here‚Äôs how I did it:,Parody Forbes 30 Under 30 layout,top_50_kallaway
Every engineer in San Francisco is about ‚Äúget‚Äù a girlfriend. |  | (I‚Äôm shorting Bumble stock) |  | #startups #venturecapital #memes  |  | Subscribe to my newsletter for more memes & tech satire: https://lnkd.in/ekGih-Hf,1326,105,12,1443.0,,Teacher,VC/Startup investing culture,Insider satire/critique,Statement ‚Üí Commentary,Meme with extended caption,Every engineer in San Francisco is about ‚Äúget‚Äù a girlfriend. |  | (I‚Äôm shorting Bumble stock) |  | #startups #venturecapital #memes  |  | Subscribe to,Every engineer in San Francisco is about ‚Äúget‚Äù a girlfriend. |  | (I‚Äôm shorting Bumble stock) |  | #startups #venturecapital #memes  |  | Subscribe to,Every engineer in San Francisco is about ‚Äúget‚Äù a girlfriend. (I‚Äôm shorting Bumble stock),Satirical meme image,top_50_kallaway
"If you're struggling to raise money for your startup, the reality is you're ugly, but here's how you can fix that: |  | Take out a loan & get plastic surgery - debt is better than being ugly. |  | #startups #venturecapital #memes |  | Subscribe to my startup satire newsletter for memes & unhinged content: https://lnkd.in/ekGih-Hf",1125,283,31,1439.0,,Teacher,VC/Startup investing culture,Expectation vs reality contrast,Setup ‚Üí Punchline (image),Meme with extended caption,"If you're struggling to raise money for your startup, the reality is you're ugly, but here's how you can fix that: |  | Take out a loan & get plastic ","If you're struggling to raise money for your startup, the reality is you're ugly, but here's how you can fix that: |  | Take out a loan & get plastic","If you're struggling to raise money for your startup, the reality is you're ugly, but here's how you can fix that: Take out a loan & get plastic surgery - debt is better than being ugly.",Satirical meme image,top_50_kallaway
"Whenever someone asks me if they should start a company, I send them this:  |  | #startups #venturecapital #memes  |  | Subscribe to my newsletter for more memes & startup satire: https://lnkd.in/ekGih-Hf",1258,113,32,1403.0,,Teacher,VC/Startup investing culture,Expectation vs reality contrast,Setup ‚Üí Punchline (image),Meme with extended caption,"Whenever someone asks me if they should start a company, I send them this:  |  | #startups #venturecapital #memes  |  | Subscribe to my newsletter for","Whenever someone asks me if they should start a company, I send them this:  |  | #startups #venturecapital #memes  |  | Subscribe to my newsletter for","Whenever someone asks me if they should start a company, I send them this: #startups #venturecapital #memes",Satirical meme image,top_50_kallaway
"If your CEO owns a $125k car with this license place, your company is going to be raided by the FBI:  |  | Subscribe to my newsletter for more memes & startup satire: https://lnkd.in/em99Rn5u |  | #startups #venturecapital #memes",1256,130,7,1393.0,,Magician,VC/Startup investing culture,Satirical celebration of startup crime,Setup ‚Üí Punchline (image),Meme with extended caption,"If your CEO owns a $125k car with this license place, your company is going to be raided by the FBI:  |  | Subscribe to my newsletter for more memes &","If your CEO owns a $125k car with this license place, your company is going to be raided by the FBI:  |  | Subscribe to my newsletter for more memes &","If your CEO owns a $125k car with this license place, your company is going to be raided by the FBI: Subscribe to my newsletter for more memes & startup satire: https://lnkd.in/em99Rn5u",Relatable reaction image/meme,top_50_kallaway
No one picks founders better than Forbes 30 under 30! |  | #startups #venturecapital #memes  |  | Subscribe to my newsletter if you want to laugh about the tech industry: https://lnkd.in/em99Rn5u,1132,215,20,1367.0,,Teacher,VC/Startup investing culture,Mystery/curiosity gap,Statement ‚Üí Commentary,Meme with extended caption,No one picks founders better than Forbes 30 under 30! |  | #startups #venturecapital #memes  |  | Subscribe to my newsletter if you want to laugh abou,No one picks founders better than Forbes 30 under 30! |  | #startups #venturecapital #memes  |  | Subscribe to my newsletter if you want to laugh abou,No one picks founders better than Forbes 30 under 30! #startups #venturecapital #memes,Parody Forbes 30 Under 30 layout,top_50_kallaway
"I‚Äôm excited to announce we‚Äôve hired Ryan Salame as a Partner at Jabroni Capital! |  | As we all know, 90% of the most successful startups commit fraud.  |  | This is a hugely profitable market & that‚Äôs why we‚Äôre excited to have Ryan help us identify & invest in the next FTX, Celsius, & Theranos.  |  | Some may criticize us for hiring a felon, but it‚Äôs 2024 & judging people for their background is totally not woke.  |  | (also many of the most successful people including our former president are felons) |  | Welcome to the team Ryan, can‚Äôt wait to visit you in prison for our weekly team meetings! |  | #startups #venturecapital #tech |  | Subscribe to my newsletter for memes & startup satire: https://lnkd.in/eG_2SHwg",1232,106,26,1364.0,,Magician,VC/Startup investing culture,Satirical celebration of startup crime,Statement ‚Üí Commentary,Meme with extended caption,"I‚Äôm excited to announce we‚Äôve hired Ryan Salame as a Partner at Jabroni Capital! |  | As we all know, 90% of the most successful startups commit fraud","I‚Äôm excited to announce we‚Äôve hired Ryan Salame as a Partner at Jabroni Capital! |  | As we all know, 90% of the most successful startups commit fraud","I‚Äôm excited to announce we‚Äôve hired Ryan Salame as a Partner at Jabroni Capital! As we all know, 90% of the most successful startups commit fraud.",Parody Forbes 30 Under 30 layout,top_50_kallaway
"After 10 years of failed startups, I‚Äôve finally found my life‚Äôs work.

Introducing Virio ‚Äî the world‚Äôs first AI marketer for enterprise.

As a teen I built content that did 1B+ views/month‚Ä¶
‚Ä¶and made <$10K.

That is when I learned the hard truth:
Views ‚â† Pipeline
Likes ‚â† Revenue

I realized the problem wasn‚Äôt creating attention..
It was turning that attention into revenue.

Virio is built to solve exactly that.
1) Track your sales pipeline & marketing initiatives
2) Plan targeted content across your GTM team
3) Deploy messaging tailored to each decision maker",1639,1804,127,,,Magician,GTM/Sales,Personal Experience,Listicle/Breakdown,Text-only,"After 10 years of failed startups, I‚Äôve finally found my life‚Äôs work.","After 10 years of failed startups, I‚Äôve finally found my life‚Äôs work.

Introducing Virio ‚Äî the world‚Äôs first AI marketer for enterprise.

As a teen I",,,dataset_accounts_dataset
"ùó™ùóµùóÆùòÅ ùó±ùóº ùóΩùóøùóºùó≥ùó≤ùòÄùòÄùó∂ùóºùóªùóÆùóπ ùóÆùòÅùóµùóπùó≤ùòÅùó≤ùòÄ ùóÆùóªùó± ùóøùó≤ùòÅùó∂ùóøùó≤ùó≤ùòÄ ùóµùóÆùòÉùó≤ ùó∂ùóª ùó∞ùóºùó∫ùó∫ùóºùóª?

They're both playing high-stakes games with their bodies - but only one group typically treats it that way.

The professional athlete knows they're playing a different game than everyone else.

The retiree needs to realize they're playing a different game than their younger self.

ùóõùó≤ùóøùó≤'ùòÄ ùòÅùóµùó≤ ùóµùóÆùóøùó± ùòÅùóøùòÇùòÅùóµ:
Professional athletes succeed because they:
‚Ä¢ Intensify their focus on their body
‚Ä¢ Build a support team (trainers, coaches, nutritionists)
‚Ä¢ Create intentional daily routines
‚Ä¢ Never take their physical condition for granted

ùóßùóµùó≤ ùó•ùó≤ùòÅùó∂ùóøùó≤ùó∫ùó≤ùóªùòÅ ùó•ùó≤ùóÆùóπùó∂ùòÅùòÜ ùóñùóµùó≤ùó∞ùó∏:
I see it constantly - successful professionals entering retirement like they're still their 25-year-old selves. After 30+ years of desk work, long flights, and minimal movement, they're shocked when their body doesn't cooperate.

The most frustrated? Former athletes.
I watch former Division 1 college athletes struggle with basic golf, pickleball, and tennis games. Their frustration isn't just about the sport - it's about losing their identity as ""the athletic one.""

ùóõùó≤ùóøùó≤'ùòÄ ùòÑùóµùóÆùòÅ ùó∫ùóºùòÄùòÅ ùó±ùóºùóª'ùòÅ ùóøùó≤ùóÆùóπùó∂ùòáùó≤:
Just like a pro athlete's training isn't always fun, preparing for a healthy retirement requires dedicated work. You can't neglect your health for decades and expect it to magically improve when you have more free time.

ùóßùóµùó≤ ùóöùóÆùó∫ùó≤ ùó£ùóπùóÆùóª:
1. Start ùò£ùò¶ùòßùò∞ùò≥ùò¶ retirement - your future self will thank you
2. Get a realistic assessment of your current health
3. Build your support team (doctor, trainer, physical therapist)
4. Create sustainable daily routines

ùóîùòÄùó∏ ùòÜùóºùòÇùóøùòÄùó≤ùóπùó≥: Are you treating your retirement health with the same dedication a pro athlete brings to their sport? Your quality of life depends on your answer.",36,28,1,,,Teacher,Engineering/Technical,Personal Experience,Listicle/Breakdown,Text-only,ùó™ùóµùóÆùòÅ ùó±ùóº ùóΩùóøùóºùó≥ùó≤ùòÄùòÄùó∂ùóºùóªùóÆùóπ ùóÆùòÅùóµùóπùó≤ùòÅùó≤ùòÄ ùóÆùóªùó± ùóøùó≤ùòÅùó∂ùóøùó≤ùó≤ùòÄ ùóµùóÆùòÉùó≤ ùó∂ùóª ùó∞ùóºùó∫ùó∫ùóºùóª?,"ùó™ùóµùóÆùòÅ ùó±ùóº ùóΩùóøùóºùó≥ùó≤ùòÄùòÄùó∂ùóºùóªùóÆùóπ ùóÆùòÅùóµùóπùó≤ùòÅùó≤ùòÄ ùóÆùóªùó± ùóøùó≤ùòÅùó∂ùóøùó≤ùó≤ùòÄ ùóµùóÆùòÉùó≤ ùó∂ùóª ùó∞ùóºùó∫ùó∫ùóºùóª?

They're both playing high-stakes games with their bodies - but only one group typically tr",,,dataset_accounts_dataset
"üöÄ Today we‚Äôre launching Lariat - an AI-native prospecting platform built specifically for selling into brick-and-mortar businesses.üöÄ

Anyone who‚Äôs sold into industries like restaurants, construction, or manufacturing has felt the pain of wasting hours on manual research, being unable to easily pre-qualify accounts, and dealing with stale contact lists.

That‚Äôs because 90% of brick-and-mortar decision-makers are completely invisible to traditional sales platforms. They don‚Äôt have Linkedin profiles, they don‚Äôt use work emails, and their buying signals are not captured at all in existing intent tools.

Our AI agents work 24/7 to find that missing 90% ‚Äì reading regulatory filings, analyzing images, making phone calls, and extracting intelligence from sources others can't reach.

We've been working quietly over the last year with some customers in select industries -¬† and now we‚Äôre available for any industry.

Today, you can log in to Lariat, write a sentence like ‚Äúowners of fast casual Mexican restaurants that serve alcohol and have added new locations recently‚Äù and get the perfect prospecting list built in about 3 seconds.

To make this possible, we had to rebuild the entire data stack from the ground up around physical locations as the starting point. We created new classification systems for businesses that actually matter to sellers, new ways to map the complex ownership structure behind multi-location businesses, and a fleet of custom AI agents that can continuously discover and validate decision-makers and their contact information.

Our vision is a world where our physical-world intelligence combines with your internal platform data, AI orchestrates who to call and when, so sellers can focus on what humans do best: actually selling.

If we‚Äôre successful - everyone wins. Spam cannons are traded in for truly relevant outreach, and buyers can cut through the noise.

For too long, GTM teams selling into brick-and-mortar have been stuck with broken tools - let's put an end to that starting today. 

If you're on one of those teams (or know someone who is), come check us out - link in comments.",122,24,13,,,Teacher,GTM/Sales,Data/Numbers,Story ‚Üí Twist ‚Üí Lesson,Text-only,üöÄ Today we‚Äôre launching Lariat - an AI-native prospecting platform built specifically for selling into brick-and-mortar businesses.üöÄ,"üöÄ Today we‚Äôre launching Lariat - an AI-native prospecting platform built specifically for selling into brick-and-mortar businesses.üöÄ

Anyone who‚Äôs sol",,,dataset_accounts_dataset
"Jabroni Capital is hiring a VC analyst to join it‚Äôs team, here‚Äôs what we‚Äôre looking for in our candidates: 

- Willingness to spend 10 hours a day on Twitter looking for AI companies recently funded by a16z or Sequoia 

- Stay up till 3am writing 43 page investment memos that our partners won‚Äôt read 

- Promise founders you‚Äôll get their deck in front of a partner ASAP - then pass on their deal 3 weeks later without anyone opening their docsend

- Perform administrative tasks like purchasing Zyn in bulk or ironing my Patagonia vests 

- Comfortable accepting yearly bonuses in Dave & Busters gift cards 

If this sounds like you, send your resume to unpaidintern@jabronicapital.com 

#startups #hiring #venturecapital

-

Like this post? Then you'll love my startup satire newsletter: https://lnkd.in/ekGih-Hf",576,109,5,,,Teacher,Startup/Founder,Humor/Satire,Listicle/Breakdown,Text-only,"Jabroni Capital is hiring a VC analyst to join it‚Äôs team, here‚Äôs what we‚Äôre looking for in our candidates:","Jabroni Capital is hiring a VC analyst to join it‚Äôs team, here‚Äôs what we‚Äôre looking for in our candidates: 

- Willingness to spend 10 hours a day on",,,dataset_accounts_dataset
